run,architecture,method,seed,batch_size,lr,nesterov,adapt_norm,selection_mode,activation_selection_applied,activation_count,selection_total,activation_depth_ratio,gelu_approximation,trainable_parameters,measured_error_percent,paper_table5_error_percent,delta_table5_percentage_points,same_table5_rounded_2dp,paper_table4_50pct_error_percent,delta_table4_percentage_points,same_table4_rounded_2dp,statistical_comparison,checkpoint_sha256,result_sha256,evaluation_seconds
resnet50_nesterov_tent_seed1,resnet50,tent,1,128,0.00025,True,True,first_activation_calls,False,0,49,,,53120,66.60266666666668,66.5,0.10266666666667845,False,,,,single_seed_only,0676ba61b6795bbe1773cffd859882e5e297624d384b6993f7c9e683e722fb8a,12d6749fb268727d774e79cf37910f7141893f61b257421307478392a1777dd3,282.58216438256204
resnet50_calls25_actta_seed1,resnet50,actta_tent,1,128,0.0025,True,False,first_activation_calls,True,25,49,0.5102040816326531,,17472,65.87599999999999,64.95,0.9259999999999877,False,65.89,-0.014000000000010004,False,single_seed_only,0676ba61b6795bbe1773cffd859882e5e297624d384b6993f7c9e683e722fb8a,0847d47504bb2de362162eeb589ff129e7a2046ad53728d0c73f8e152673ee60,597.521207081154
resnet50_legacy_nesterov_actta_seed1,resnet50,actta_tent,1,128,0.005,True,False,legacy_residual_outputs,True,17,17,1.0,,45504,65.03999999999999,64.95,0.0899999999999892,False,,,,single_seed_only,0676ba61b6795bbe1773cffd859882e5e297624d384b6993f7c9e683e722fb8a,fba6f91f1b9c0a2c9ce54ca10773167bd8797f9b22ab4fec0bbb1b8f22b1a26f,481.8288610447198
vit_b16_source_seed1,vit_base_patch16_224.orig_in21k_ft_in1k,source,1,128,,,False,first_transformer_blocks,False,0,12,,none,0,62.104000000000006,62.1,0.0040000000000048885,True,,,,single_seed_only,80ecf9dd5e3a58895e959af554c5666c4e7b4da4410de4f1f2b0025e93435d8c,1504784e88fffa82e608434ff96a4d030aea4e7a0b4eee22e6f2981e408bbae9,184.5091988798231
vit_b16_tent_seed1,vit_base_patch16_224.orig_in21k_ft_in1k,tent,1,128,0.001,True,True,first_transformer_blocks,False,0,12,,none,38400,53.49866666666667,53.85,-0.3513333333333293,False,,,,single_seed_only,80ecf9dd5e3a58895e959af554c5666c4e7b4da4410de4f1f2b0025e93435d8c,27ec52e2e262c507ba5a7de294d01d06a0d3a81dab268e01aa0b385ee80097a6,388.52602174691856
vit_b16_blocks6_joint_ln_actta_seed1,vit_base_patch16_224.orig_in21k_ft_in1k,actta_tent,1,128,0.001,True,True,first_transformer_blocks,True,6,12,0.5,tanh,93696,49.05466666666666,51.79,-2.7353333333333367,False,52.47,-3.4153333333333364,False,single_seed_only,80ecf9dd5e3a58895e959af554c5666c4e7b4da4410de4f1f2b0025e93435d8c,7d4893effed8e8c8af20f9995699b56a31c52bb5c7347c60c278303ea71eba74,507.6224629804492
vit_b16_blocks6_depth_ablation_actta_seed1,vit_base_patch16_224.orig_in21k_ft_in1k,actta_tent,1,128,0.0025,True,False,first_transformer_blocks,True,6,12,0.5,tanh,55296,50.11733333333333,51.79,-1.6726666666666716,False,52.47,-2.3526666666666713,False,single_seed_only,80ecf9dd5e3a58895e959af554c5666c4e7b4da4410de4f1f2b0025e93435d8c,de655aaccfa43cfa08caace42c9f5381363c9db44848435da67b366e8ffb568c,495.005304871127
vit_b16_blocks6_joint_ln_exact_gelu_actta_seed1,vit_base_patch16_224.orig_in21k_ft_in1k,actta_tent,1,128,0.001,True,True,first_transformer_blocks,True,6,12,0.5,none,93696,48.97733333333334,51.79,-2.812666666666658,False,52.47,-3.4926666666666577,False,single_seed_only,80ecf9dd5e3a58895e959af554c5666c4e7b4da4410de4f1f2b0025e93435d8c,8355701489482c535544454cb593344ccbec186acc53d419d98c42563463b888,447.8755829986185
resnet50_calls25_main_lr_actta_seed1,resnet50,actta_tent,1,128,0.005,True,False,first_activation_calls,True,25,49,0.5102040816326531,,17472,64.32133333333333,64.95,-0.6286666666666747,False,65.89,-1.5686666666666724,False,single_seed_only,0676ba61b6795bbe1773cffd859882e5e297624d384b6993f7c9e683e722fb8a,f1885f585f342f4b857be5c12dbf62c3ffcaf58dc736d03ad72493b132186962,276.0580387376249
vit_b16_plain_sgd_tent_seed1,vit_base_patch16_224.orig_in21k_ft_in1k,tent,1,128,0.001,False,True,first_transformer_blocks,False,0,12,,none,38400,53.82266666666667,53.85,-0.02733333333333121,False,,,,single_seed_only,80ecf9dd5e3a58895e959af554c5666c4e7b4da4410de4f1f2b0025e93435d8c,6eb996f3cd0de5c9dfbf4853907b2b40a95f8b80cb0fbc541e0a845933da0894,387.901815822348
vit_b16_blocks6_joint_ln_plain_sgd_actta_seed1,vit_base_patch16_224.orig_in21k_ft_in1k,actta_tent,1,128,0.001,False,True,first_transformer_blocks,True,6,12,0.5,none,93696,49.81466666666667,51.79,-1.9753333333333316,False,52.47,-2.6553333333333313,False,single_seed_only,80ecf9dd5e3a58895e959af554c5666c4e7b4da4410de4f1f2b0025e93435d8c,807805ad27fdbe1fc95ab61b7203d5925ecf34eadfc53d524fe7108f63e6f78f,448.53106381744146
vit_b16_blocks6_joint_ln_archived_lr_actta_seed1,vit_base_patch16_224.orig_in21k_ft_in1k,actta_tent,1,128,0.00025,True,True,first_transformer_blocks,True,6,12,0.5,tanh,93696,53.47066666666668,51.79,1.6806666666666814,False,52.47,1.0006666666666817,False,single_seed_only,80ecf9dd5e3a58895e959af554c5666c4e7b4da4410de4f1f2b0025e93435d8c,ed7ceb293c3cc04237b3c75cafa32b681f6a4dee3da6abc77903b1ed719bad10,511.01015210337937
