run,selected_ordinal,path,channels,preset,share
resnet50_calls25_actta_seed1,1,model.relu,64,relu,channel
resnet50_calls25_actta_seed1,2,model.layer1.0.relu1,64,relu,channel
resnet50_calls25_actta_seed1,3,model.layer1.0.relu2,64,relu,channel
resnet50_calls25_actta_seed1,4,model.layer1.0.relu3,256,relu,channel
resnet50_calls25_actta_seed1,5,model.layer1.1.relu1,64,relu,channel
resnet50_calls25_actta_seed1,6,model.layer1.1.relu2,64,relu,channel
resnet50_calls25_actta_seed1,7,model.layer1.1.relu3,256,relu,channel
resnet50_calls25_actta_seed1,8,model.layer1.2.relu1,64,relu,channel
resnet50_calls25_actta_seed1,9,model.layer1.2.relu2,64,relu,channel
resnet50_calls25_actta_seed1,10,model.layer1.2.relu3,256,relu,channel
resnet50_calls25_actta_seed1,11,model.layer2.0.relu1,128,relu,channel
resnet50_calls25_actta_seed1,12,model.layer2.0.relu2,128,relu,channel
resnet50_calls25_actta_seed1,13,model.layer2.0.relu3,512,relu,channel
resnet50_calls25_actta_seed1,14,model.layer2.1.relu1,128,relu,channel
resnet50_calls25_actta_seed1,15,model.layer2.1.relu2,128,relu,channel
resnet50_calls25_actta_seed1,16,model.layer2.1.relu3,512,relu,channel
resnet50_calls25_actta_seed1,17,model.layer2.2.relu1,128,relu,channel
resnet50_calls25_actta_seed1,18,model.layer2.2.relu2,128,relu,channel
resnet50_calls25_actta_seed1,19,model.layer2.2.relu3,512,relu,channel
resnet50_calls25_actta_seed1,20,model.layer2.3.relu1,128,relu,channel
resnet50_calls25_actta_seed1,21,model.layer2.3.relu2,128,relu,channel
resnet50_calls25_actta_seed1,22,model.layer2.3.relu3,512,relu,channel
resnet50_calls25_actta_seed1,23,model.layer3.0.relu1,256,relu,channel
resnet50_calls25_actta_seed1,24,model.layer3.0.relu2,256,relu,channel
resnet50_calls25_actta_seed1,25,model.layer3.0.relu3,1024,relu,channel
resnet50_legacy_nesterov_actta_seed1,1,model.relu,64,relu,channel
resnet50_legacy_nesterov_actta_seed1,2,model.layer1.0.relu,256,relu,channel
resnet50_legacy_nesterov_actta_seed1,3,model.layer1.1.relu,256,relu,channel
resnet50_legacy_nesterov_actta_seed1,4,model.layer1.2.relu,256,relu,channel
resnet50_legacy_nesterov_actta_seed1,5,model.layer2.0.relu,512,relu,channel
resnet50_legacy_nesterov_actta_seed1,6,model.layer2.1.relu,512,relu,channel
resnet50_legacy_nesterov_actta_seed1,7,model.layer2.2.relu,512,relu,channel
resnet50_legacy_nesterov_actta_seed1,8,model.layer2.3.relu,512,relu,channel
resnet50_legacy_nesterov_actta_seed1,9,model.layer3.0.relu,1024,relu,channel
resnet50_legacy_nesterov_actta_seed1,10,model.layer3.1.relu,1024,relu,channel
resnet50_legacy_nesterov_actta_seed1,11,model.layer3.2.relu,1024,relu,channel
resnet50_legacy_nesterov_actta_seed1,12,model.layer3.3.relu,1024,relu,channel
resnet50_legacy_nesterov_actta_seed1,13,model.layer3.4.relu,1024,relu,channel
resnet50_legacy_nesterov_actta_seed1,14,model.layer3.5.relu,1024,relu,channel
resnet50_legacy_nesterov_actta_seed1,15,model.layer4.0.relu,2048,relu,channel
resnet50_legacy_nesterov_actta_seed1,16,model.layer4.1.relu,2048,relu,channel
resnet50_legacy_nesterov_actta_seed1,17,model.layer4.2.relu,2048,relu,channel
vit_b16_blocks6_joint_ln_actta_seed1,1,model.blocks.0.mlp.act,3072,gelu,channel
vit_b16_blocks6_joint_ln_actta_seed1,2,model.blocks.1.mlp.act,3072,gelu,channel
vit_b16_blocks6_joint_ln_actta_seed1,3,model.blocks.2.mlp.act,3072,gelu,channel
vit_b16_blocks6_joint_ln_actta_seed1,4,model.blocks.3.mlp.act,3072,gelu,channel
vit_b16_blocks6_joint_ln_actta_seed1,5,model.blocks.4.mlp.act,3072,gelu,channel
vit_b16_blocks6_joint_ln_actta_seed1,6,model.blocks.5.mlp.act,3072,gelu,channel
vit_b16_blocks6_depth_ablation_actta_seed1,1,model.blocks.0.mlp.act,3072,gelu,channel
vit_b16_blocks6_depth_ablation_actta_seed1,2,model.blocks.1.mlp.act,3072,gelu,channel
vit_b16_blocks6_depth_ablation_actta_seed1,3,model.blocks.2.mlp.act,3072,gelu,channel
vit_b16_blocks6_depth_ablation_actta_seed1,4,model.blocks.3.mlp.act,3072,gelu,channel
vit_b16_blocks6_depth_ablation_actta_seed1,5,model.blocks.4.mlp.act,3072,gelu,channel
vit_b16_blocks6_depth_ablation_actta_seed1,6,model.blocks.5.mlp.act,3072,gelu,channel
vit_b16_blocks6_joint_ln_exact_gelu_actta_seed1,1,model.blocks.0.mlp.act,3072,gelu,channel
vit_b16_blocks6_joint_ln_exact_gelu_actta_seed1,2,model.blocks.1.mlp.act,3072,gelu,channel
vit_b16_blocks6_joint_ln_exact_gelu_actta_seed1,3,model.blocks.2.mlp.act,3072,gelu,channel
vit_b16_blocks6_joint_ln_exact_gelu_actta_seed1,4,model.blocks.3.mlp.act,3072,gelu,channel
vit_b16_blocks6_joint_ln_exact_gelu_actta_seed1,5,model.blocks.4.mlp.act,3072,gelu,channel
vit_b16_blocks6_joint_ln_exact_gelu_actta_seed1,6,model.blocks.5.mlp.act,3072,gelu,channel
resnet50_calls25_main_lr_actta_seed1,1,model.relu,64,relu,channel
resnet50_calls25_main_lr_actta_seed1,2,model.layer1.0.relu1,64,relu,channel
resnet50_calls25_main_lr_actta_seed1,3,model.layer1.0.relu2,64,relu,channel
resnet50_calls25_main_lr_actta_seed1,4,model.layer1.0.relu3,256,relu,channel
resnet50_calls25_main_lr_actta_seed1,5,model.layer1.1.relu1,64,relu,channel
resnet50_calls25_main_lr_actta_seed1,6,model.layer1.1.relu2,64,relu,channel
resnet50_calls25_main_lr_actta_seed1,7,model.layer1.1.relu3,256,relu,channel
resnet50_calls25_main_lr_actta_seed1,8,model.layer1.2.relu1,64,relu,channel
resnet50_calls25_main_lr_actta_seed1,9,model.layer1.2.relu2,64,relu,channel
resnet50_calls25_main_lr_actta_seed1,10,model.layer1.2.relu3,256,relu,channel
resnet50_calls25_main_lr_actta_seed1,11,model.layer2.0.relu1,128,relu,channel
resnet50_calls25_main_lr_actta_seed1,12,model.layer2.0.relu2,128,relu,channel
resnet50_calls25_main_lr_actta_seed1,13,model.layer2.0.relu3,512,relu,channel
resnet50_calls25_main_lr_actta_seed1,14,model.layer2.1.relu1,128,relu,channel
resnet50_calls25_main_lr_actta_seed1,15,model.layer2.1.relu2,128,relu,channel
resnet50_calls25_main_lr_actta_seed1,16,model.layer2.1.relu3,512,relu,channel
resnet50_calls25_main_lr_actta_seed1,17,model.layer2.2.relu1,128,relu,channel
resnet50_calls25_main_lr_actta_seed1,18,model.layer2.2.relu2,128,relu,channel
resnet50_calls25_main_lr_actta_seed1,19,model.layer2.2.relu3,512,relu,channel
resnet50_calls25_main_lr_actta_seed1,20,model.layer2.3.relu1,128,relu,channel
resnet50_calls25_main_lr_actta_seed1,21,model.layer2.3.relu2,128,relu,channel
resnet50_calls25_main_lr_actta_seed1,22,model.layer2.3.relu3,512,relu,channel
resnet50_calls25_main_lr_actta_seed1,23,model.layer3.0.relu1,256,relu,channel
resnet50_calls25_main_lr_actta_seed1,24,model.layer3.0.relu2,256,relu,channel
resnet50_calls25_main_lr_actta_seed1,25,model.layer3.0.relu3,1024,relu,channel
vit_b16_blocks6_joint_ln_plain_sgd_actta_seed1,1,model.blocks.0.mlp.act,3072,gelu,channel
vit_b16_blocks6_joint_ln_plain_sgd_actta_seed1,2,model.blocks.1.mlp.act,3072,gelu,channel
vit_b16_blocks6_joint_ln_plain_sgd_actta_seed1,3,model.blocks.2.mlp.act,3072,gelu,channel
vit_b16_blocks6_joint_ln_plain_sgd_actta_seed1,4,model.blocks.3.mlp.act,3072,gelu,channel
vit_b16_blocks6_joint_ln_plain_sgd_actta_seed1,5,model.blocks.4.mlp.act,3072,gelu,channel
vit_b16_blocks6_joint_ln_plain_sgd_actta_seed1,6,model.blocks.5.mlp.act,3072,gelu,channel
vit_b16_blocks6_joint_ln_archived_lr_actta_seed1,1,model.blocks.0.mlp.act,3072,gelu,channel
vit_b16_blocks6_joint_ln_archived_lr_actta_seed1,2,model.blocks.1.mlp.act,3072,gelu,channel
vit_b16_blocks6_joint_ln_archived_lr_actta_seed1,3,model.blocks.2.mlp.act,3072,gelu,channel
vit_b16_blocks6_joint_ln_archived_lr_actta_seed1,4,model.blocks.3.mlp.act,3072,gelu,channel
vit_b16_blocks6_joint_ln_archived_lr_actta_seed1,5,model.blocks.4.mlp.act,3072,gelu,channel
vit_b16_blocks6_joint_ln_archived_lr_actta_seed1,6,model.blocks.5.mlp.act,3072,gelu,channel
