run,configuration,runtime_reproducible,paper_50pct_activation_depth_match,paper_main_normalization_recommendation_match,paper_zero_init_original_base_exact,paper_sgd_momentum_match,paper_appendix_literal_base_lr_match,original_archived_nesterov_match,paper_three_seed_statistics_verified,final_main_table_configuration_certified,same_main_table_error_rounded_2dp,same_depth_table_error_rounded_2dp,limitation
resnet50_nesterov_tent_seed1,configs/audit_resnet50_calls25.yaml,True,,,,True,True,True,False,False,False,,Single seed; final resolved main-table config unavailable. Appendix base LR and larger-AcTTA discussion must be distinguished.
resnet50_calls25_actta_seed1,configs/audit_resnet50_calls25.yaml,True,True,True,True,True,False,True,False,False,False,False,Single seed; final resolved main-table config unavailable. Appendix base LR and larger-AcTTA discussion must be distinguished.
resnet50_legacy_nesterov_actta_seed1,configs/audit_resnet50_legacy_nesterov.yaml,True,False,True,True,True,False,True,False,False,False,,Single seed; final resolved main-table config unavailable. Appendix base LR and larger-AcTTA discussion must be distinguished.
vit_b16_source_seed1,configs/audit_vit_b16_blocks6_joint_ln.yaml,True,,,,,,,False,False,True,,Single seed; final resolved main-table config unavailable. Appendix base LR and larger-AcTTA discussion must be distinguished.
vit_b16_tent_seed1,configs/audit_vit_b16_blocks6_joint_ln.yaml,True,,,,True,True,True,False,False,False,,Single seed; final resolved main-table config unavailable. Appendix base LR and larger-AcTTA discussion must be distinguished.
vit_b16_blocks6_joint_ln_actta_seed1,configs/audit_vit_b16_blocks6_joint_ln.yaml,True,True,True,False,True,True,True,False,False,False,False,Single seed; final resolved main-table config unavailable. Appendix base LR and larger-AcTTA discussion must be distinguished.
vit_b16_blocks6_depth_ablation_actta_seed1,configs/audit_vit_b16_blocks6_depth_ablation.yaml,True,True,False,False,True,False,True,False,False,False,False,Single seed; final resolved main-table config unavailable. Appendix base LR and larger-AcTTA discussion must be distinguished.
vit_b16_blocks6_joint_ln_exact_gelu_actta_seed1,configs/audit_vit_b16_blocks6_joint_ln_exact_gelu.yaml,True,True,True,True,True,True,True,False,False,False,False,Single seed; final resolved main-table config unavailable. Appendix base LR and larger-AcTTA discussion must be distinguished.
resnet50_calls25_main_lr_actta_seed1,configs/audit_resnet50_calls25_main_lr.yaml,True,True,True,True,True,False,True,False,False,False,False,Single seed; final resolved main-table config unavailable. Appendix base LR and larger-AcTTA discussion must be distinguished.
vit_b16_plain_sgd_tent_seed1,configs/audit_vit_b16_blocks6_joint_ln_plain_sgd.yaml,True,,,,True,True,False,False,False,False,,Single seed; final resolved main-table config unavailable. Appendix base LR and larger-AcTTA discussion must be distinguished.
vit_b16_blocks6_joint_ln_plain_sgd_actta_seed1,configs/audit_vit_b16_blocks6_joint_ln_plain_sgd.yaml,True,True,True,True,True,True,False,False,False,False,False,Single seed; final resolved main-table config unavailable. Appendix base LR and larger-AcTTA discussion must be distinguished.
vit_b16_blocks6_joint_ln_archived_lr_actta_seed1,configs/audit_vit_b16_blocks6_joint_ln_archived_lr.yaml,True,True,True,False,True,False,True,False,False,False,False,Single seed; final resolved main-table config unavailable. Appendix base LR and larger-AcTTA discussion must be distinguished.
