run,corruption,samples,error_percent,sample_order_sha256,sample_content_sha256,seconds
resnet50_nesterov_tent_seed1,gaussian_noise,5000,83.17999999999999,7f2c02cff0162bbe441b561d4c1453e8f2208948e9667ec7f0bdbf1df6c4f828,786f858e6828418363d5bedd424ad1eb0043265fc343cdb328a5f561bebb5cc3,11.44878608547151
resnet50_nesterov_tent_seed1,shot_noise,5000,82.06,6f44793e5ef2fd81555e5de37fec14205d49b6dd04015d303e18d0f984c71921,18cde7f8c4827ccdb13955376ed6dfa71ab6fa90e990ddde58cfd2bd726b5427,8.680583965033293
resnet50_nesterov_tent_seed1,impulse_noise,5000,83.54,8c883bebd2149243b9054dc2fe213d493d6d9c0abafc2d5fc5f8dd742d4dc16a,b3274a82e085609e3f350bd7c427a4117ca1c2f28f9f5486dc48d6c2b5446de7,11.623350359499454
resnet50_nesterov_tent_seed1,defocus_blur,5000,83.22,9fdac061dd613b0599f1bda1c976099b53e5aef8cd6fb41e166f20ca871a69c6,150314f09dd1a650e3199eb1938d93212a326d940066f0465e208b62e9c9adea,20.851395467296243
resnet50_nesterov_tent_seed1,glass_blur,5000,82.74000000000001,fdcbc064c91e39d31c157dde609846fb3657049bd6f121c0af3decf22d623cd8,d1740485ed355e26328e354e3503940896bac1f375624029bb21d6168ea224ed,20.815339598804712
resnet50_nesterov_tent_seed1,motion_blur,5000,71.17999999999999,58d33a76bd18bdcacd3098947b80b82c2ff1d929f23cb9ef81035fcad694e18a,a6c0d2e16069adb4cea3163a8c695b9c966fcf7273d2dd43de9c6c89e020f741,20.840851180255413
resnet50_nesterov_tent_seed1,zoom_blur,5000,58.78,67b55bd624613fde942df00dc16b5be6c543b478c3344b1b080e0cfcd386a1f7,1e6fe87fb8a706211325efbe3d15c8bd62242de3c2bd0691e7dddab815ee173c,21.01275723055005
resnet50_nesterov_tent_seed1,snow,5000,63.75999999999999,e0fa5536bff219eb6aafdfdf107619295dd9d11e7c33bc8ea74d5365f7501a2a,ee63466c5ee47364245342af584fbb38425fd614a79d3e070a7b47db60ec3910,20.332666162401438
resnet50_nesterov_tent_seed1,frost,5000,65.97999999999999,301f3208b37546028482820e5ee1c99925956c1856c0097c77236909ca976f60,d505b0a971f67750350bcf2e78e13c9a57bd41f9f391b3d42581681398740237,21.20554582029581
resnet50_nesterov_tent_seed1,fog,5000,49.38,c5e0b1292004e48eecd27b27f962ac6d9db7a083f431b11766d905d79efa35e3,fc35f64bdb3d0922e43f563b2a59686a5abc1c05398526e21b44e030c379ccad,21.155030269175768
resnet50_nesterov_tent_seed1,brightness,5000,34.14,3bff4cba5da3c30d298f9055106adc8b49f36ff392f8eafebae0478d9d828466,f5ca146fc6baf93904eb0d0b20777914743d40985562dd90e5e8a58db2a86d9e,21.185373717918992
resnet50_nesterov_tent_seed1,contrast,5000,80.44,8b0bb34cec71f40fb851d00c2ca392dff3b04f13ebf840d0458ebb44876d8902,4fa3629f25c68c95a1658c301a53849e75999d455b244ecacd60d1f8d1618320,21.14698122628033
resnet50_nesterov_tent_seed1,elastic_transform,5000,54.120000000000005,fa255bf543e6cda5d770f8b1759e36515aeeba9eceecd54fe986c9fa5463bb55,cb10c748ba5827c6a6bae10ecf9744d29bc13e1aa52e80863c6fb8b0ad230cbb,20.220055911689997
resnet50_nesterov_tent_seed1,pixelate,5000,49.2,58b6a7f3a228e5165495d6b48e918b0920b713f91f8452bda0944f9fed26cac0,cf40408d25e365f38ef943e2e5e75e2c634c0d3c00e58cb94f0b9107647484a9,20.99094749800861
resnet50_nesterov_tent_seed1,jpeg_compression,5000,57.31999999999999,efa39d49ba8ee3541cddf912dd8ec671aca9d48b2da0e974031a63700fa981dd,9e15388a9c6c7189d25792be3c19004ff36df13d7b1a1a4e517c1a62bd2c3983,21.07249988988042
resnet50_calls25_actta_seed1,gaussian_noise,5000,82.34,7f2c02cff0162bbe441b561d4c1453e8f2208948e9667ec7f0bdbf1df6c4f828,786f858e6828418363d5bedd424ad1eb0043265fc343cdb328a5f561bebb5cc3,46.344563975930214
resnet50_calls25_actta_seed1,shot_noise,5000,81.32000000000001,6f44793e5ef2fd81555e5de37fec14205d49b6dd04015d303e18d0f984c71921,18cde7f8c4827ccdb13955376ed6dfa71ab6fa90e990ddde58cfd2bd726b5427,40.26858450472355
resnet50_calls25_actta_seed1,impulse_noise,5000,82.78,8c883bebd2149243b9054dc2fe213d493d6d9c0abafc2d5fc5f8dd742d4dc16a,b3274a82e085609e3f350bd7c427a4117ca1c2f28f9f5486dc48d6c2b5446de7,39.97225831449032
resnet50_calls25_actta_seed1,defocus_blur,5000,82.60000000000001,9fdac061dd613b0599f1bda1c976099b53e5aef8cd6fb41e166f20ca871a69c6,150314f09dd1a650e3199eb1938d93212a326d940066f0465e208b62e9c9adea,38.99872041493654
resnet50_calls25_actta_seed1,glass_blur,5000,82.34,fdcbc064c91e39d31c157dde609846fb3657049bd6f121c0af3decf22d623cd8,d1740485ed355e26328e354e3503940896bac1f375624029bb21d6168ea224ed,39.82480121217668
resnet50_calls25_actta_seed1,motion_blur,5000,70.41999999999999,58d33a76bd18bdcacd3098947b80b82c2ff1d929f23cb9ef81035fcad694e18a,a6c0d2e16069adb4cea3163a8c695b9c966fcf7273d2dd43de9c6c89e020f741,38.772313153371215
resnet50_calls25_actta_seed1,zoom_blur,5000,58.36,67b55bd624613fde942df00dc16b5be6c543b478c3344b1b080e0cfcd386a1f7,1e6fe87fb8a706211325efbe3d15c8bd62242de3c2bd0691e7dddab815ee173c,39.63895330019295
resnet50_calls25_actta_seed1,snow,5000,63.12,e0fa5536bff219eb6aafdfdf107619295dd9d11e7c33bc8ea74d5365f7501a2a,ee63466c5ee47364245342af584fbb38425fd614a79d3e070a7b47db60ec3910,39.680700697004795
resnet50_calls25_actta_seed1,frost,5000,66.02,301f3208b37546028482820e5ee1c99925956c1856c0097c77236909ca976f60,d505b0a971f67750350bcf2e78e13c9a57bd41f9f391b3d42581681398740237,38.75025857426226
resnet50_calls25_actta_seed1,fog,5000,48.199999999999996,c5e0b1292004e48eecd27b27f962ac6d9db7a083f431b11766d905d79efa35e3,fc35f64bdb3d0922e43f563b2a59686a5abc1c05398526e21b44e030c379ccad,39.788358421996236
resnet50_calls25_actta_seed1,brightness,5000,34.14,3bff4cba5da3c30d298f9055106adc8b49f36ff392f8eafebae0478d9d828466,f5ca146fc6baf93904eb0d0b20777914743d40985562dd90e5e8a58db2a86d9e,38.95972686074674
resnet50_calls25_actta_seed1,contrast,5000,78.78,8b0bb34cec71f40fb851d00c2ca392dff3b04f13ebf840d0458ebb44876d8902,4fa3629f25c68c95a1658c301a53849e75999d455b244ecacd60d1f8d1618320,39.68297427520156
resnet50_calls25_actta_seed1,elastic_transform,5000,53.879999999999995,fa255bf543e6cda5d770f8b1759e36515aeeba9eceecd54fe986c9fa5463bb55,cb10c748ba5827c6a6bae10ecf9744d29bc13e1aa52e80863c6fb8b0ad230cbb,39.97513214126229
resnet50_calls25_actta_seed1,pixelate,5000,47.9,58b6a7f3a228e5165495d6b48e918b0920b713f91f8452bda0944f9fed26cac0,cf40408d25e365f38ef943e2e5e75e2c634c0d3c00e58cb94f0b9107647484a9,38.63178829848766
resnet50_calls25_actta_seed1,jpeg_compression,5000,55.94,efa39d49ba8ee3541cddf912dd8ec671aca9d48b2da0e974031a63700fa981dd,9e15388a9c6c7189d25792be3c19004ff36df13d7b1a1a4e517c1a62bd2c3983,38.23207293637097
resnet50_legacy_nesterov_actta_seed1,gaussian_noise,5000,80.92,7f2c02cff0162bbe441b561d4c1453e8f2208948e9667ec7f0bdbf1df6c4f828,786f858e6828418363d5bedd424ad1eb0043265fc343cdb328a5f561bebb5cc3,48.36531732417643
resnet50_legacy_nesterov_actta_seed1,shot_noise,5000,80.04,6f44793e5ef2fd81555e5de37fec14205d49b6dd04015d303e18d0f984c71921,18cde7f8c4827ccdb13955376ed6dfa71ab6fa90e990ddde58cfd2bd726b5427,41.82794721238315
resnet50_legacy_nesterov_actta_seed1,impulse_noise,5000,81.08,8c883bebd2149243b9054dc2fe213d493d6d9c0abafc2d5fc5f8dd742d4dc16a,b3274a82e085609e3f350bd7c427a4117ca1c2f28f9f5486dc48d6c2b5446de7,42.4868901912123
resnet50_legacy_nesterov_actta_seed1,defocus_blur,5000,81.32000000000001,9fdac061dd613b0599f1bda1c976099b53e5aef8cd6fb41e166f20ca871a69c6,150314f09dd1a650e3199eb1938d93212a326d940066f0465e208b62e9c9adea,41.04572965577245
resnet50_legacy_nesterov_actta_seed1,glass_blur,5000,81.42,fdcbc064c91e39d31c157dde609846fb3657049bd6f121c0af3decf22d623cd8,d1740485ed355e26328e354e3503940896bac1f375624029bb21d6168ea224ed,41.64992879331112
resnet50_legacy_nesterov_actta_seed1,motion_blur,5000,69.72,58d33a76bd18bdcacd3098947b80b82c2ff1d929f23cb9ef81035fcad694e18a,a6c0d2e16069adb4cea3163a8c695b9c966fcf7273d2dd43de9c6c89e020f741,42.52199098281562
resnet50_legacy_nesterov_actta_seed1,zoom_blur,5000,57.56,67b55bd624613fde942df00dc16b5be6c543b478c3344b1b080e0cfcd386a1f7,1e6fe87fb8a706211325efbe3d15c8bd62242de3c2bd0691e7dddab815ee173c,41.51482030749321
resnet50_legacy_nesterov_actta_seed1,snow,5000,62.1,e0fa5536bff219eb6aafdfdf107619295dd9d11e7c33bc8ea74d5365f7501a2a,ee63466c5ee47364245342af584fbb38425fd614a79d3e070a7b47db60ec3910,41.770955588668585
resnet50_legacy_nesterov_actta_seed1,frost,5000,64.94,301f3208b37546028482820e5ee1c99925956c1856c0097c77236909ca976f60,d505b0a971f67750350bcf2e78e13c9a57bd41f9f391b3d42581681398740237,41.81194925494492
resnet50_legacy_nesterov_actta_seed1,fog,5000,46.760000000000005,c5e0b1292004e48eecd27b27f962ac6d9db7a083f431b11766d905d79efa35e3,fc35f64bdb3d0922e43f563b2a59686a5abc1c05398526e21b44e030c379ccad,16.38326868414879
resnet50_legacy_nesterov_actta_seed1,brightness,5000,34.099999999999994,3bff4cba5da3c30d298f9055106adc8b49f36ff392f8eafebae0478d9d828466,f5ca146fc6baf93904eb0d0b20777914743d40985562dd90e5e8a58db2a86d9e,16.391165943816304
resnet50_legacy_nesterov_actta_seed1,contrast,5000,79.89999999999999,8b0bb34cec71f40fb851d00c2ca392dff3b04f13ebf840d0458ebb44876d8902,4fa3629f25c68c95a1658c301a53849e75999d455b244ecacd60d1f8d1618320,16.758692905306816
resnet50_legacy_nesterov_actta_seed1,elastic_transform,5000,52.94,fa255bf543e6cda5d770f8b1759e36515aeeba9eceecd54fe986c9fa5463bb55,cb10c748ba5827c6a6bae10ecf9744d29bc13e1aa52e80863c6fb8b0ad230cbb,16.394414285197854
resnet50_legacy_nesterov_actta_seed1,pixelate,5000,47.62,58b6a7f3a228e5165495d6b48e918b0920b713f91f8452bda0944f9fed26cac0,cf40408d25e365f38ef943e2e5e75e2c634c0d3c00e58cb94f0b9107647484a9,16.489120518788695
resnet50_legacy_nesterov_actta_seed1,jpeg_compression,5000,55.18000000000001,efa39d49ba8ee3541cddf912dd8ec671aca9d48b2da0e974031a63700fa981dd,9e15388a9c6c7189d25792be3c19004ff36df13d7b1a1a4e517c1a62bd2c3983,16.416669396683574
vit_b16_source_seed1,gaussian_noise,5000,77.86,ea43d684d62789ecab5ee2fcc2276f9e6f8b65bcfba6ae595de14b001f3c34ff,5c0fdb7d8477c7ceaa0c8d04d4580ec878cd7924f1ae4e369ef5a946d270f4d3,12.92490340769291
vit_b16_source_seed1,shot_noise,5000,74.76,489c68b274a65b3e8742495aa624ac76b97fb816befc81aba57ba3434a14729b,704f1b1322880439ddeaf52edcb44fe98ea850c0053b193e27b67bc91727dd1b,12.281701857224107
vit_b16_source_seed1,impulse_noise,5000,77.0,f38ef7c2b299a998d2fa98776b59cc319d3594ed1450e93eba75253203928514,16468421c8542338d1aa57f38d6f215e8aefe00e31158248d684184203ddbdf7,12.302110632881522
vit_b16_source_seed1,defocus_blur,5000,67.94,f8ef89417b3efaa11c26da574631ce069d5ef450e96746478deecd085456bdff,a3969796efcbd36cf30c6abbaa26420e7d8f8f7ca7c88190a0d174c237e973e1,12.200690479949117
vit_b16_source_seed1,glass_blur,5000,68.96,450c573bc55575268446adb76f817f9ac8e0a0101f1008a7f11b60d8d591f34c,08330be28f18131984e2fefffe1cbb341e0adf1b8bedf5f63e8d3ce630588700,12.231490654870868
vit_b16_source_seed1,motion_blur,5000,58.699999999999996,f8b328a6ffbb1fb84bcf82f49ce5ac23801a861c3edb0c30ef623c99ccabf31b,b83903f144f8ba4d29b472ca031a59ec1fb247116a4086e4edd6ad8164f51fea,12.240604527294636
vit_b16_source_seed1,zoom_blur,5000,61.94,02dc5e3c1c4e62c37d6280bce636c5a7a8b010f13811367c15ce2728550a0678,210896560ceb08eae963872086cc2a1c445f7fcf8bd76f0385bfb8b563a9dc95,12.265750555321574
vit_b16_source_seed1,snow,5000,61.339999999999996,78fe833f8e45e2276cb8e368abf49e8628094b7b53b4d6833d839145a6007e19,86cdcc9589032d8f53f4b3bd4b542acf55faa9b5fbdf88b34ccc2525c1b61fbb,12.288383919745684
vit_b16_source_seed1,frost,5000,58.60000000000001,22a369c97b44581b8ad97846b435021720cf065bf7618915e080cb4e42b14975,3743374e78cb3b416c203cd00dd0a886330b23d13939798e1514dbb05c7986eb,12.24343621917069
vit_b16_source_seed1,fog,5000,63.57999999999999,c8fdd7c1dede54cfa12122a222ed97266e6074345440d3eaec71667f8b07455f,06a2d6df7dc1a1c8c0cb76d14c6bcd3e6864c764b4f750c8852f85350e0811eb,12.26894572749734
vit_b16_source_seed1,brightness,5000,31.599999999999994,c0e2caf98e8fd09ac26a01ffdfb933eccc13e3b4a86edbeef288f6d595285573,8837443d0b844adff9806b0e693eaca58da9faae4e110d147e86ac4cbd9a05d6,12.257260108366609
vit_b16_source_seed1,contrast,5000,88.88000000000001,b70d4bc459b295162d1f325ecc0d4ba6688eb03f68a6f0292f5577d98d0cf755,55656f63af5ee4d55a5283ffc45b1a9fc124e72fb4e968a57a0201d9bc475514,12.228567065671086
vit_b16_source_seed1,elastic_transform,5000,51.85999999999999,200bafb88fd89df7d882a1598464861657d98725cc129f1edaf08a94e73e6bdc,0d2494c12760db4a6b837e7bfc485d15193f86a15fa18bb471e5ee67e0fee2da,12.266293095424771
vit_b16_source_seed1,pixelate,5000,45.28,51a7882538a701e18d3ff7220c534c0fd9b48e6d329e7c67aa20ea63b6d6376d,d8efc960ff0165308c3acb08d99f5a233f85c6e313eb57c61d7bb41654a18977,12.239455355331302
vit_b16_source_seed1,jpeg_compression,5000,43.26,af64b40ef9a708e399f74cfd6cb474f4b8769c22c6c06d749d94c3dc3adf699c,0f6649d8f697780a4e6da6352523d768d6f82dadc885c5502d724f13f477f281,12.269605273380876
vit_b16_tent_seed1,gaussian_noise,5000,66.22,ea43d684d62789ecab5ee2fcc2276f9e6f8b65bcfba6ae595de14b001f3c34ff,5c0fdb7d8477c7ceaa0c8d04d4580ec878cd7924f1ae4e369ef5a946d270f4d3,26.600451281294227
vit_b16_tent_seed1,shot_noise,5000,64.5,489c68b274a65b3e8742495aa624ac76b97fb816befc81aba57ba3434a14729b,704f1b1322880439ddeaf52edcb44fe98ea850c0053b193e27b67bc91727dd1b,25.916155925020576
vit_b16_tent_seed1,impulse_noise,5000,64.66000000000001,f38ef7c2b299a998d2fa98776b59cc319d3594ed1450e93eba75253203928514,16468421c8542338d1aa57f38d6f215e8aefe00e31158248d684184203ddbdf7,25.94126378186047
vit_b16_tent_seed1,defocus_blur,5000,59.00000000000001,f8ef89417b3efaa11c26da574631ce069d5ef450e96746478deecd085456bdff,a3969796efcbd36cf30c6abbaa26420e7d8f8f7ca7c88190a0d174c237e973e1,25.844301763921976
vit_b16_tent_seed1,glass_blur,5000,58.58,450c573bc55575268446adb76f817f9ac8e0a0101f1008a7f11b60d8d591f34c,08330be28f18131984e2fefffe1cbb341e0adf1b8bedf5f63e8d3ce630588700,25.788524271920323
vit_b16_tent_seed1,motion_blur,5000,51.14000000000001,f8b328a6ffbb1fb84bcf82f49ce5ac23801a861c3edb0c30ef623c99ccabf31b,b83903f144f8ba4d29b472ca031a59ec1fb247116a4086e4edd6ad8164f51fea,25.788249243050814
vit_b16_tent_seed1,zoom_blur,5000,54.980000000000004,02dc5e3c1c4e62c37d6280bce636c5a7a8b010f13811367c15ce2728550a0678,210896560ceb08eae963872086cc2a1c445f7fcf8bd76f0385bfb8b563a9dc95,25.897917037829757
vit_b16_tent_seed1,snow,5000,54.02,78fe833f8e45e2276cb8e368abf49e8628094b7b53b4d6833d839145a6007e19,86cdcc9589032d8f53f4b3bd4b542acf55faa9b5fbdf88b34ccc2525c1b61fbb,25.841626804322004
vit_b16_tent_seed1,frost,5000,54.2,22a369c97b44581b8ad97846b435021720cf065bf7618915e080cb4e42b14975,3743374e78cb3b416c203cd00dd0a886330b23d13939798e1514dbb05c7986eb,25.883600728586316
vit_b16_tent_seed1,fog,5000,51.56,c8fdd7c1dede54cfa12122a222ed97266e6074345440d3eaec71667f8b07455f,06a2d6df7dc1a1c8c0cb76d14c6bcd3e6864c764b4f750c8852f85350e0811eb,25.817857509478927
vit_b16_tent_seed1,brightness,5000,29.220000000000002,c0e2caf98e8fd09ac26a01ffdfb933eccc13e3b4a86edbeef288f6d595285573,8837443d0b844adff9806b0e693eaca58da9faae4e110d147e86ac4cbd9a05d6,25.865115815773606
vit_b16_tent_seed1,contrast,5000,68.56,b70d4bc459b295162d1f325ecc0d4ba6688eb03f68a6f0292f5577d98d0cf755,55656f63af5ee4d55a5283ffc45b1a9fc124e72fb4e968a57a0201d9bc475514,25.83257770165801
vit_b16_tent_seed1,elastic_transform,5000,46.86,200bafb88fd89df7d882a1598464861657d98725cc129f1edaf08a94e73e6bdc,0d2494c12760db4a6b837e7bfc485d15193f86a15fa18bb471e5ee67e0fee2da,25.835903894156218
vit_b16_tent_seed1,pixelate,5000,39.32,51a7882538a701e18d3ff7220c534c0fd9b48e6d329e7c67aa20ea63b6d6376d,d8efc960ff0165308c3acb08d99f5a233f85c6e313eb57c61d7bb41654a18977,25.838852846994996
vit_b16_tent_seed1,jpeg_compression,5000,39.66,af64b40ef9a708e399f74cfd6cb474f4b8769c22c6c06d749d94c3dc3adf699c,0f6649d8f697780a4e6da6352523d768d6f82dadc885c5502d724f13f477f281,25.83362314105034
vit_b16_blocks6_joint_ln_actta_seed1,gaussian_noise,5000,63.24000000000001,ea43d684d62789ecab5ee2fcc2276f9e6f8b65bcfba6ae595de14b001f3c34ff,5c0fdb7d8477c7ceaa0c8d04d4580ec878cd7924f1ae4e369ef5a946d270f4d3,34.42229330725968
vit_b16_blocks6_joint_ln_actta_seed1,shot_noise,5000,61.260000000000005,489c68b274a65b3e8742495aa624ac76b97fb816befc81aba57ba3434a14729b,704f1b1322880439ddeaf52edcb44fe98ea850c0053b193e27b67bc91727dd1b,33.807594234123826
vit_b16_blocks6_joint_ln_actta_seed1,impulse_noise,5000,63.1,f38ef7c2b299a998d2fa98776b59cc319d3594ed1450e93eba75253203928514,16468421c8542338d1aa57f38d6f215e8aefe00e31158248d684184203ddbdf7,33.79603454656899
vit_b16_blocks6_joint_ln_actta_seed1,defocus_blur,5000,53.29999999999999,f8ef89417b3efaa11c26da574631ce069d5ef450e96746478deecd085456bdff,a3969796efcbd36cf30c6abbaa26420e7d8f8f7ca7c88190a0d174c237e973e1,33.75721451640129
vit_b16_blocks6_joint_ln_actta_seed1,glass_blur,5000,51.160000000000004,450c573bc55575268446adb76f817f9ac8e0a0101f1008a7f11b60d8d591f34c,08330be28f18131984e2fefffe1cbb341e0adf1b8bedf5f63e8d3ce630588700,33.75574262626469
vit_b16_blocks6_joint_ln_actta_seed1,motion_blur,5000,48.040000000000006,f8b328a6ffbb1fb84bcf82f49ce5ac23801a861c3edb0c30ef623c99ccabf31b,b83903f144f8ba4d29b472ca031a59ec1fb247116a4086e4edd6ad8164f51fea,33.75438630953431
vit_b16_blocks6_joint_ln_actta_seed1,zoom_blur,5000,49.13999999999999,02dc5e3c1c4e62c37d6280bce636c5a7a8b010f13811367c15ce2728550a0678,210896560ceb08eae963872086cc2a1c445f7fcf8bd76f0385bfb8b563a9dc95,33.79264796152711
vit_b16_blocks6_joint_ln_actta_seed1,snow,5000,51.059999999999995,78fe833f8e45e2276cb8e368abf49e8628094b7b53b4d6833d839145a6007e19,86cdcc9589032d8f53f4b3bd4b542acf55faa9b5fbdf88b34ccc2525c1b61fbb,33.8151730298996
vit_b16_blocks6_joint_ln_actta_seed1,frost,5000,50.0,22a369c97b44581b8ad97846b435021720cf065bf7618915e080cb4e42b14975,3743374e78cb3b416c203cd00dd0a886330b23d13939798e1514dbb05c7986eb,33.861149245873094
vit_b16_blocks6_joint_ln_actta_seed1,fog,5000,45.660000000000004,c8fdd7c1dede54cfa12122a222ed97266e6074345440d3eaec71667f8b07455f,06a2d6df7dc1a1c8c0cb76d14c6bcd3e6864c764b4f750c8852f85350e0811eb,33.87512008473277
vit_b16_blocks6_joint_ln_actta_seed1,brightness,5000,27.259999999999994,c0e2caf98e8fd09ac26a01ffdfb933eccc13e3b4a86edbeef288f6d595285573,8837443d0b844adff9806b0e693eaca58da9faae4e110d147e86ac4cbd9a05d6,33.859498519450426
vit_b16_blocks6_joint_ln_actta_seed1,contrast,5000,64.06,b70d4bc459b295162d1f325ecc0d4ba6688eb03f68a6f0292f5577d98d0cf755,55656f63af5ee4d55a5283ffc45b1a9fc124e72fb4e968a57a0201d9bc475514,33.808649990707636
vit_b16_blocks6_joint_ln_actta_seed1,elastic_transform,5000,39.080000000000005,200bafb88fd89df7d882a1598464861657d98725cc129f1edaf08a94e73e6bdc,0d2494c12760db4a6b837e7bfc485d15193f86a15fa18bb471e5ee67e0fee2da,33.800350572913885
vit_b16_blocks6_joint_ln_actta_seed1,pixelate,5000,33.4,51a7882538a701e18d3ff7220c534c0fd9b48e6d329e7c67aa20ea63b6d6376d,d8efc960ff0165308c3acb08d99f5a233f85c6e313eb57c61d7bb41654a18977,33.769966216757894
vit_b16_blocks6_joint_ln_actta_seed1,jpeg_compression,5000,36.06,af64b40ef9a708e399f74cfd6cb474f4b8769c22c6c06d749d94c3dc3adf699c,0f6649d8f697780a4e6da6352523d768d6f82dadc885c5502d724f13f477f281,33.746641818434
vit_b16_blocks6_depth_ablation_actta_seed1,gaussian_noise,5000,70.34,ea43d684d62789ecab5ee2fcc2276f9e6f8b65bcfba6ae595de14b001f3c34ff,5c0fdb7d8477c7ceaa0c8d04d4580ec878cd7924f1ae4e369ef5a946d270f4d3,33.50390755943954
vit_b16_blocks6_depth_ablation_actta_seed1,shot_noise,5000,72.26,489c68b274a65b3e8742495aa624ac76b97fb816befc81aba57ba3434a14729b,704f1b1322880439ddeaf52edcb44fe98ea850c0053b193e27b67bc91727dd1b,33.00846057757735
vit_b16_blocks6_depth_ablation_actta_seed1,impulse_noise,5000,72.88,f38ef7c2b299a998d2fa98776b59cc319d3594ed1450e93eba75253203928514,16468421c8542338d1aa57f38d6f215e8aefe00e31158248d684184203ddbdf7,32.9686532150954
vit_b16_blocks6_depth_ablation_actta_seed1,defocus_blur,5000,52.66,f8ef89417b3efaa11c26da574631ce069d5ef450e96746478deecd085456bdff,a3969796efcbd36cf30c6abbaa26420e7d8f8f7ca7c88190a0d174c237e973e1,32.94860562682152
vit_b16_blocks6_depth_ablation_actta_seed1,glass_blur,5000,50.96000000000001,450c573bc55575268446adb76f817f9ac8e0a0101f1008a7f11b60d8d591f34c,08330be28f18131984e2fefffe1cbb341e0adf1b8bedf5f63e8d3ce630588700,32.983400309458375
vit_b16_blocks6_depth_ablation_actta_seed1,motion_blur,5000,46.599999999999994,f8b328a6ffbb1fb84bcf82f49ce5ac23801a861c3edb0c30ef623c99ccabf31b,b83903f144f8ba4d29b472ca031a59ec1fb247116a4086e4edd6ad8164f51fea,32.95201090723276
vit_b16_blocks6_depth_ablation_actta_seed1,zoom_blur,5000,48.199999999999996,02dc5e3c1c4e62c37d6280bce636c5a7a8b010f13811367c15ce2728550a0678,210896560ceb08eae963872086cc2a1c445f7fcf8bd76f0385bfb8b563a9dc95,32.96252306178212
vit_b16_blocks6_depth_ablation_actta_seed1,snow,5000,49.12,78fe833f8e45e2276cb8e368abf49e8628094b7b53b4d6833d839145a6007e19,86cdcc9589032d8f53f4b3bd4b542acf55faa9b5fbdf88b34ccc2525c1b61fbb,32.96406294591725
vit_b16_blocks6_depth_ablation_actta_seed1,frost,5000,49.06,22a369c97b44581b8ad97846b435021720cf065bf7618915e080cb4e42b14975,3743374e78cb3b416c203cd00dd0a886330b23d13939798e1514dbb05c7986eb,32.95690122805536
vit_b16_blocks6_depth_ablation_actta_seed1,fog,5000,45.68,c8fdd7c1dede54cfa12122a222ed97266e6074345440d3eaec71667f8b07455f,06a2d6df7dc1a1c8c0cb76d14c6bcd3e6864c764b4f750c8852f85350e0811eb,32.95284007117152
vit_b16_blocks6_depth_ablation_actta_seed1,brightness,5000,26.459999999999994,c0e2caf98e8fd09ac26a01ffdfb933eccc13e3b4a86edbeef288f6d595285573,8837443d0b844adff9806b0e693eaca58da9faae4e110d147e86ac4cbd9a05d6,32.92678745649755
vit_b16_blocks6_depth_ablation_actta_seed1,contrast,5000,63.800000000000004,b70d4bc459b295162d1f325ecc0d4ba6688eb03f68a6f0292f5577d98d0cf755,55656f63af5ee4d55a5283ffc45b1a9fc124e72fb4e968a57a0201d9bc475514,32.96720568835735
vit_b16_blocks6_depth_ablation_actta_seed1,elastic_transform,5000,36.760000000000005,200bafb88fd89df7d882a1598464861657d98725cc129f1edaf08a94e73e6bdc,0d2494c12760db4a6b837e7bfc485d15193f86a15fa18bb471e5ee67e0fee2da,32.96429309248924
vit_b16_blocks6_depth_ablation_actta_seed1,pixelate,5000,32.120000000000005,51a7882538a701e18d3ff7220c534c0fd9b48e6d329e7c67aa20ea63b6d6376d,d8efc960ff0165308c3acb08d99f5a233f85c6e313eb57c61d7bb41654a18977,32.953989159315825
vit_b16_blocks6_depth_ablation_actta_seed1,jpeg_compression,5000,34.86,af64b40ef9a708e399f74cfd6cb474f4b8769c22c6c06d749d94c3dc3adf699c,0f6649d8f697780a4e6da6352523d768d6f82dadc885c5502d724f13f477f281,32.99166397191584
vit_b16_blocks6_joint_ln_exact_gelu_actta_seed1,gaussian_noise,5000,63.440000000000005,ea43d684d62789ecab5ee2fcc2276f9e6f8b65bcfba6ae595de14b001f3c34ff,5c0fdb7d8477c7ceaa0c8d04d4580ec878cd7924f1ae4e369ef5a946d270f4d3,29.91818207129836
vit_b16_blocks6_joint_ln_exact_gelu_actta_seed1,shot_noise,5000,61.8,489c68b274a65b3e8742495aa624ac76b97fb816befc81aba57ba3434a14729b,704f1b1322880439ddeaf52edcb44fe98ea850c0053b193e27b67bc91727dd1b,29.553031783550978
vit_b16_blocks6_joint_ln_exact_gelu_actta_seed1,impulse_noise,5000,62.739999999999995,f38ef7c2b299a998d2fa98776b59cc319d3594ed1450e93eba75253203928514,16468421c8542338d1aa57f38d6f215e8aefe00e31158248d684184203ddbdf7,29.668598784133792
vit_b16_blocks6_joint_ln_exact_gelu_actta_seed1,defocus_blur,5000,53.400000000000006,f8ef89417b3efaa11c26da574631ce069d5ef450e96746478deecd085456bdff,a3969796efcbd36cf30c6abbaa26420e7d8f8f7ca7c88190a0d174c237e973e1,29.69149167276919
vit_b16_blocks6_joint_ln_exact_gelu_actta_seed1,glass_blur,5000,51.2,450c573bc55575268446adb76f817f9ac8e0a0101f1008a7f11b60d8d591f34c,08330be28f18131984e2fefffe1cbb341e0adf1b8bedf5f63e8d3ce630588700,29.793329117819667
vit_b16_blocks6_joint_ln_exact_gelu_actta_seed1,motion_blur,5000,47.68,f8b328a6ffbb1fb84bcf82f49ce5ac23801a861c3edb0c30ef623c99ccabf31b,b83903f144f8ba4d29b472ca031a59ec1fb247116a4086e4edd6ad8164f51fea,29.85790040716529
vit_b16_blocks6_joint_ln_exact_gelu_actta_seed1,zoom_blur,5000,49.4,02dc5e3c1c4e62c37d6280bce636c5a7a8b010f13811367c15ce2728550a0678,210896560ceb08eae963872086cc2a1c445f7fcf8bd76f0385bfb8b563a9dc95,29.895698567852378
vit_b16_blocks6_joint_ln_exact_gelu_actta_seed1,snow,5000,50.92,78fe833f8e45e2276cb8e368abf49e8628094b7b53b4d6833d839145a6007e19,86cdcc9589032d8f53f4b3bd4b542acf55faa9b5fbdf88b34ccc2525c1b61fbb,29.92051343433559
vit_b16_blocks6_joint_ln_exact_gelu_actta_seed1,frost,5000,51.160000000000004,22a369c97b44581b8ad97846b435021720cf065bf7618915e080cb4e42b14975,3743374e78cb3b416c203cd00dd0a886330b23d13939798e1514dbb05c7986eb,29.926840031519532
vit_b16_blocks6_joint_ln_exact_gelu_actta_seed1,fog,5000,44.9,c8fdd7c1dede54cfa12122a222ed97266e6074345440d3eaec71667f8b07455f,06a2d6df7dc1a1c8c0cb76d14c6bcd3e6864c764b4f750c8852f85350e0811eb,29.993278732523322
vit_b16_blocks6_joint_ln_exact_gelu_actta_seed1,brightness,5000,27.12,c0e2caf98e8fd09ac26a01ffdfb933eccc13e3b4a86edbeef288f6d595285573,8837443d0b844adff9806b0e693eaca58da9faae4e110d147e86ac4cbd9a05d6,29.99806064926088
vit_b16_blocks6_joint_ln_exact_gelu_actta_seed1,contrast,5000,62.22,b70d4bc459b295162d1f325ecc0d4ba6688eb03f68a6f0292f5577d98d0cf755,55656f63af5ee4d55a5283ffc45b1a9fc124e72fb4e968a57a0201d9bc475514,29.988182792440057
vit_b16_blocks6_joint_ln_exact_gelu_actta_seed1,elastic_transform,5000,39.0,200bafb88fd89df7d882a1598464861657d98725cc129f1edaf08a94e73e6bdc,0d2494c12760db4a6b837e7bfc485d15193f86a15fa18bb471e5ee67e0fee2da,29.86328055523336
vit_b16_blocks6_joint_ln_exact_gelu_actta_seed1,pixelate,5000,33.48,51a7882538a701e18d3ff7220c534c0fd9b48e6d329e7c67aa20ea63b6d6376d,d8efc960ff0165308c3acb08d99f5a233f85c6e313eb57c61d7bb41654a18977,29.919065698981285
vit_b16_blocks6_joint_ln_exact_gelu_actta_seed1,jpeg_compression,5000,36.199999999999996,af64b40ef9a708e399f74cfd6cb474f4b8769c22c6c06d749d94c3dc3adf699c,0f6649d8f697780a4e6da6352523d768d6f82dadc885c5502d724f13f477f281,29.888128699734807
resnet50_calls25_main_lr_actta_seed1,gaussian_noise,5000,80.42,7f2c02cff0162bbe441b561d4c1453e8f2208948e9667ec7f0bdbf1df6c4f828,786f858e6828418363d5bedd424ad1eb0043265fc343cdb328a5f561bebb5cc3,21.19611589424312
resnet50_calls25_main_lr_actta_seed1,shot_noise,5000,79.14,6f44793e5ef2fd81555e5de37fec14205d49b6dd04015d303e18d0f984c71921,18cde7f8c4827ccdb13955376ed6dfa71ab6fa90e990ddde58cfd2bd726b5427,18.29961900226772
resnet50_calls25_main_lr_actta_seed1,impulse_noise,5000,80.14,8c883bebd2149243b9054dc2fe213d493d6d9c0abafc2d5fc5f8dd742d4dc16a,b3274a82e085609e3f350bd7c427a4117ca1c2f28f9f5486dc48d6c2b5446de7,18.249988893046975
resnet50_calls25_main_lr_actta_seed1,defocus_blur,5000,81.58,9fdac061dd613b0599f1bda1c976099b53e5aef8cd6fb41e166f20ca871a69c6,150314f09dd1a650e3199eb1938d93212a326d940066f0465e208b62e9c9adea,18.18054509907961
resnet50_calls25_main_lr_actta_seed1,glass_blur,5000,81.2,fdcbc064c91e39d31c157dde609846fb3657049bd6f121c0af3decf22d623cd8,d1740485ed355e26328e354e3503940896bac1f375624029bb21d6168ea224ed,18.167118027806282
resnet50_calls25_main_lr_actta_seed1,motion_blur,5000,68.88000000000001,58d33a76bd18bdcacd3098947b80b82c2ff1d929f23cb9ef81035fcad694e18a,a6c0d2e16069adb4cea3163a8c695b9c966fcf7273d2dd43de9c6c89e020f741,18.165035266429186
resnet50_calls25_main_lr_actta_seed1,zoom_blur,5000,56.919999999999995,67b55bd624613fde942df00dc16b5be6c543b478c3344b1b080e0cfcd386a1f7,1e6fe87fb8a706211325efbe3d15c8bd62242de3c2bd0691e7dddab815ee173c,18.1602437607944
resnet50_calls25_main_lr_actta_seed1,snow,5000,61.559999999999995,e0fa5536bff219eb6aafdfdf107619295dd9d11e7c33bc8ea74d5365f7501a2a,ee63466c5ee47364245342af584fbb38425fd614a79d3e070a7b47db60ec3910,18.22771023027599
resnet50_calls25_main_lr_actta_seed1,frost,5000,64.72,301f3208b37546028482820e5ee1c99925956c1856c0097c77236909ca976f60,d505b0a971f67750350bcf2e78e13c9a57bd41f9f391b3d42581681398740237,18.184547690674663
resnet50_calls25_main_lr_actta_seed1,fog,5000,46.78,c5e0b1292004e48eecd27b27f962ac6d9db7a083f431b11766d905d79efa35e3,fc35f64bdb3d0922e43f563b2a59686a5abc1c05398526e21b44e030c379ccad,18.22316295094788
resnet50_calls25_main_lr_actta_seed1,brightness,5000,33.940000000000005,3bff4cba5da3c30d298f9055106adc8b49f36ff392f8eafebae0478d9d828466,f5ca146fc6baf93904eb0d0b20777914743d40985562dd90e5e8a58db2a86d9e,18.212091216817498
resnet50_calls25_main_lr_actta_seed1,contrast,5000,76.82,8b0bb34cec71f40fb851d00c2ca392dff3b04f13ebf840d0458ebb44876d8902,4fa3629f25c68c95a1658c301a53849e75999d455b244ecacd60d1f8d1618320,18.21063731610775
resnet50_calls25_main_lr_actta_seed1,elastic_transform,5000,52.56000000000001,fa255bf543e6cda5d770f8b1759e36515aeeba9eceecd54fe986c9fa5463bb55,cb10c748ba5827c6a6bae10ecf9744d29bc13e1aa52e80863c6fb8b0ad230cbb,18.189144227653742
resnet50_calls25_main_lr_actta_seed1,pixelate,5000,46.519999999999996,58b6a7f3a228e5165495d6b48e918b0920b713f91f8452bda0944f9fed26cac0,cf40408d25e365f38ef943e2e5e75e2c634c0d3c00e58cb94f0b9107647484a9,18.206358216702938
resnet50_calls25_main_lr_actta_seed1,jpeg_compression,5000,53.64,efa39d49ba8ee3541cddf912dd8ec671aca9d48b2da0e974031a63700fa981dd,9e15388a9c6c7189d25792be3c19004ff36df13d7b1a1a4e517c1a62bd2c3983,18.18572094477713
vit_b16_plain_sgd_tent_seed1,gaussian_noise,5000,66.94,ea43d684d62789ecab5ee2fcc2276f9e6f8b65bcfba6ae595de14b001f3c34ff,5c0fdb7d8477c7ceaa0c8d04d4580ec878cd7924f1ae4e369ef5a946d270f4d3,26.499171746894717
vit_b16_plain_sgd_tent_seed1,shot_noise,5000,65.0,489c68b274a65b3e8742495aa624ac76b97fb816befc81aba57ba3434a14729b,704f1b1322880439ddeaf52edcb44fe98ea850c0053b193e27b67bc91727dd1b,25.821639887988567
vit_b16_plain_sgd_tent_seed1,impulse_noise,5000,64.8,f38ef7c2b299a998d2fa98776b59cc319d3594ed1450e93eba75253203928514,16468421c8542338d1aa57f38d6f215e8aefe00e31158248d684184203ddbdf7,25.827955720946193
vit_b16_plain_sgd_tent_seed1,defocus_blur,5000,59.48,f8ef89417b3efaa11c26da574631ce069d5ef450e96746478deecd085456bdff,a3969796efcbd36cf30c6abbaa26420e7d8f8f7ca7c88190a0d174c237e973e1,25.80320010893047
vit_b16_plain_sgd_tent_seed1,glass_blur,5000,58.96,450c573bc55575268446adb76f817f9ac8e0a0101f1008a7f11b60d8d591f34c,08330be28f18131984e2fefffe1cbb341e0adf1b8bedf5f63e8d3ce630588700,25.786471655592322
vit_b16_plain_sgd_tent_seed1,motion_blur,5000,51.239999999999995,f8b328a6ffbb1fb84bcf82f49ce5ac23801a861c3edb0c30ef623c99ccabf31b,b83903f144f8ba4d29b472ca031a59ec1fb247116a4086e4edd6ad8164f51fea,25.813123025000095
vit_b16_plain_sgd_tent_seed1,zoom_blur,5000,55.059999999999995,02dc5e3c1c4e62c37d6280bce636c5a7a8b010f13811367c15ce2728550a0678,210896560ceb08eae963872086cc2a1c445f7fcf8bd76f0385bfb8b563a9dc95,25.774059552699327
vit_b16_plain_sgd_tent_seed1,snow,5000,54.279999999999994,78fe833f8e45e2276cb8e368abf49e8628094b7b53b4d6833d839145a6007e19,86cdcc9589032d8f53f4b3bd4b542acf55faa9b5fbdf88b34ccc2525c1b61fbb,25.847791772335768
vit_b16_plain_sgd_tent_seed1,frost,5000,54.120000000000005,22a369c97b44581b8ad97846b435021720cf065bf7618915e080cb4e42b14975,3743374e78cb3b416c203cd00dd0a886330b23d13939798e1514dbb05c7986eb,25.8473332375288
vit_b16_plain_sgd_tent_seed1,fog,5000,51.96000000000001,c8fdd7c1dede54cfa12122a222ed97266e6074345440d3eaec71667f8b07455f,06a2d6df7dc1a1c8c0cb76d14c6bcd3e6864c764b4f750c8852f85350e0811eb,25.80029672011733
vit_b16_plain_sgd_tent_seed1,brightness,5000,29.379999999999995,c0e2caf98e8fd09ac26a01ffdfb933eccc13e3b4a86edbeef288f6d595285573,8837443d0b844adff9806b0e693eaca58da9faae4e110d147e86ac4cbd9a05d6,25.794617464765906
vit_b16_plain_sgd_tent_seed1,contrast,5000,69.76,b70d4bc459b295162d1f325ecc0d4ba6688eb03f68a6f0292f5577d98d0cf755,55656f63af5ee4d55a5283ffc45b1a9fc124e72fb4e968a57a0201d9bc475514,25.777183644473553
vit_b16_plain_sgd_tent_seed1,elastic_transform,5000,46.84,200bafb88fd89df7d882a1598464861657d98725cc129f1edaf08a94e73e6bdc,0d2494c12760db4a6b837e7bfc485d15193f86a15fa18bb471e5ee67e0fee2da,25.875609869137406
vit_b16_plain_sgd_tent_seed1,pixelate,5000,39.480000000000004,51a7882538a701e18d3ff7220c534c0fd9b48e6d329e7c67aa20ea63b6d6376d,d8efc960ff0165308c3acb08d99f5a233f85c6e313eb57c61d7bb41654a18977,25.827130677178502
vit_b16_plain_sgd_tent_seed1,jpeg_compression,5000,40.04,af64b40ef9a708e399f74cfd6cb474f4b8769c22c6c06d749d94c3dc3adf699c,0f6649d8f697780a4e6da6352523d768d6f82dadc885c5502d724f13f477f281,25.80623073875904
vit_b16_blocks6_joint_ln_plain_sgd_actta_seed1,gaussian_noise,5000,64.34,ea43d684d62789ecab5ee2fcc2276f9e6f8b65bcfba6ae595de14b001f3c34ff,5c0fdb7d8477c7ceaa0c8d04d4580ec878cd7924f1ae4e369ef5a946d270f4d3,30.48691911250353
vit_b16_blocks6_joint_ln_plain_sgd_actta_seed1,shot_noise,5000,62.019999999999996,489c68b274a65b3e8742495aa624ac76b97fb816befc81aba57ba3434a14729b,704f1b1322880439ddeaf52edcb44fe98ea850c0053b193e27b67bc91727dd1b,29.93187940865755
vit_b16_blocks6_joint_ln_plain_sgd_actta_seed1,impulse_noise,5000,67.30000000000001,f38ef7c2b299a998d2fa98776b59cc319d3594ed1450e93eba75253203928514,16468421c8542338d1aa57f38d6f215e8aefe00e31158248d684184203ddbdf7,29.944566970691085
vit_b16_blocks6_joint_ln_plain_sgd_actta_seed1,defocus_blur,5000,53.94,f8ef89417b3efaa11c26da574631ce069d5ef450e96746478deecd085456bdff,a3969796efcbd36cf30c6abbaa26420e7d8f8f7ca7c88190a0d174c237e973e1,29.84476523473859
vit_b16_blocks6_joint_ln_plain_sgd_actta_seed1,glass_blur,5000,51.9,450c573bc55575268446adb76f817f9ac8e0a0101f1008a7f11b60d8d591f34c,08330be28f18131984e2fefffe1cbb341e0adf1b8bedf5f63e8d3ce630588700,29.834211656823754
vit_b16_blocks6_joint_ln_plain_sgd_actta_seed1,motion_blur,5000,48.040000000000006,f8b328a6ffbb1fb84bcf82f49ce5ac23801a861c3edb0c30ef623c99ccabf31b,b83903f144f8ba4d29b472ca031a59ec1fb247116a4086e4edd6ad8164f51fea,29.818752959370613
vit_b16_blocks6_joint_ln_plain_sgd_actta_seed1,zoom_blur,5000,50.239999999999995,02dc5e3c1c4e62c37d6280bce636c5a7a8b010f13811367c15ce2728550a0678,210896560ceb08eae963872086cc2a1c445f7fcf8bd76f0385bfb8b563a9dc95,29.852503472939134
vit_b16_blocks6_joint_ln_plain_sgd_actta_seed1,snow,5000,50.580000000000005,78fe833f8e45e2276cb8e368abf49e8628094b7b53b4d6833d839145a6007e19,86cdcc9589032d8f53f4b3bd4b542acf55faa9b5fbdf88b34ccc2525c1b61fbb,29.86017969250679
vit_b16_blocks6_joint_ln_plain_sgd_actta_seed1,frost,5000,51.540000000000006,22a369c97b44581b8ad97846b435021720cf065bf7618915e080cb4e42b14975,3743374e78cb3b416c203cd00dd0a886330b23d13939798e1514dbb05c7986eb,29.88327190466225
vit_b16_blocks6_joint_ln_plain_sgd_actta_seed1,fog,5000,46.71999999999999,c8fdd7c1dede54cfa12122a222ed97266e6074345440d3eaec71667f8b07455f,06a2d6df7dc1a1c8c0cb76d14c6bcd3e6864c764b4f750c8852f85350e0811eb,29.855172600597143
vit_b16_blocks6_joint_ln_plain_sgd_actta_seed1,brightness,5000,27.12,c0e2caf98e8fd09ac26a01ffdfb933eccc13e3b4a86edbeef288f6d595285573,8837443d0b844adff9806b0e693eaca58da9faae4e110d147e86ac4cbd9a05d6,29.847062500193715
vit_b16_blocks6_joint_ln_plain_sgd_actta_seed1,contrast,5000,63.9,b70d4bc459b295162d1f325ecc0d4ba6688eb03f68a6f0292f5577d98d0cf755,55656f63af5ee4d55a5283ffc45b1a9fc124e72fb4e968a57a0201d9bc475514,29.831272218376398
vit_b16_blocks6_joint_ln_plain_sgd_actta_seed1,elastic_transform,5000,39.62,200bafb88fd89df7d882a1598464861657d98725cc129f1edaf08a94e73e6bdc,0d2494c12760db4a6b837e7bfc485d15193f86a15fa18bb471e5ee67e0fee2da,29.852113315835595
vit_b16_blocks6_joint_ln_plain_sgd_actta_seed1,pixelate,5000,33.440000000000005,51a7882538a701e18d3ff7220c534c0fd9b48e6d329e7c67aa20ea63b6d6376d,d8efc960ff0165308c3acb08d99f5a233f85c6e313eb57c61d7bb41654a18977,29.83055385015905
vit_b16_blocks6_joint_ln_plain_sgd_actta_seed1,jpeg_compression,5000,36.519999999999996,af64b40ef9a708e399f74cfd6cb474f4b8769c22c6c06d749d94c3dc3adf699c,0f6649d8f697780a4e6da6352523d768d6f82dadc885c5502d724f13f477f281,29.857838919386268
vit_b16_blocks6_joint_ln_archived_lr_actta_seed1,gaussian_noise,5000,68.19999999999999,ea43d684d62789ecab5ee2fcc2276f9e6f8b65bcfba6ae595de14b001f3c34ff,5c0fdb7d8477c7ceaa0c8d04d4580ec878cd7924f1ae4e369ef5a946d270f4d3,34.69705038703978
vit_b16_blocks6_joint_ln_archived_lr_actta_seed1,shot_noise,5000,65.58,489c68b274a65b3e8742495aa624ac76b97fb816befc81aba57ba3434a14729b,704f1b1322880439ddeaf52edcb44fe98ea850c0053b193e27b67bc91727dd1b,34.044660741463304
vit_b16_blocks6_joint_ln_archived_lr_actta_seed1,impulse_noise,5000,66.64,f38ef7c2b299a998d2fa98776b59cc319d3594ed1450e93eba75253203928514,16468421c8542338d1aa57f38d6f215e8aefe00e31158248d684184203ddbdf7,34.02086393348873
vit_b16_blocks6_joint_ln_archived_lr_actta_seed1,defocus_blur,5000,58.440000000000005,f8ef89417b3efaa11c26da574631ce069d5ef450e96746478deecd085456bdff,a3969796efcbd36cf30c6abbaa26420e7d8f8f7ca7c88190a0d174c237e973e1,33.9834442101419
vit_b16_blocks6_joint_ln_archived_lr_actta_seed1,glass_blur,5000,57.919999999999995,450c573bc55575268446adb76f817f9ac8e0a0101f1008a7f11b60d8d591f34c,08330be28f18131984e2fefffe1cbb341e0adf1b8bedf5f63e8d3ce630588700,33.97389078140259
vit_b16_blocks6_joint_ln_archived_lr_actta_seed1,motion_blur,5000,50.580000000000005,f8b328a6ffbb1fb84bcf82f49ce5ac23801a861c3edb0c30ef623c99ccabf31b,b83903f144f8ba4d29b472ca031a59ec1fb247116a4086e4edd6ad8164f51fea,34.0171262267977
vit_b16_blocks6_joint_ln_archived_lr_actta_seed1,zoom_blur,5000,54.120000000000005,02dc5e3c1c4e62c37d6280bce636c5a7a8b010f13811367c15ce2728550a0678,210896560ceb08eae963872086cc2a1c445f7fcf8bd76f0385bfb8b563a9dc95,33.996417900547385
vit_b16_blocks6_joint_ln_archived_lr_actta_seed1,snow,5000,54.18000000000001,78fe833f8e45e2276cb8e368abf49e8628094b7b53b4d6833d839145a6007e19,86cdcc9589032d8f53f4b3bd4b542acf55faa9b5fbdf88b34ccc2525c1b61fbb,33.979398963972926
vit_b16_blocks6_joint_ln_archived_lr_actta_seed1,frost,5000,54.059999999999995,22a369c97b44581b8ad97846b435021720cf065bf7618915e080cb4e42b14975,3743374e78cb3b416c203cd00dd0a886330b23d13939798e1514dbb05c7986eb,34.05654704011977
vit_b16_blocks6_joint_ln_archived_lr_actta_seed1,fog,5000,50.7,c8fdd7c1dede54cfa12122a222ed97266e6074345440d3eaec71667f8b07455f,06a2d6df7dc1a1c8c0cb76d14c6bcd3e6864c764b4f750c8852f85350e0811eb,34.031633423641324
vit_b16_blocks6_joint_ln_archived_lr_actta_seed1,brightness,5000,29.24,c0e2caf98e8fd09ac26a01ffdfb933eccc13e3b4a86edbeef288f6d595285573,8837443d0b844adff9806b0e693eaca58da9faae4e110d147e86ac4cbd9a05d6,33.99982098676264
vit_b16_blocks6_joint_ln_archived_lr_actta_seed1,contrast,5000,68.10000000000001,b70d4bc459b295162d1f325ecc0d4ba6688eb03f68a6f0292f5577d98d0cf755,55656f63af5ee4d55a5283ffc45b1a9fc124e72fb4e968a57a0201d9bc475514,33.99075675755739
vit_b16_blocks6_joint_ln_archived_lr_actta_seed1,elastic_transform,5000,45.699999999999996,200bafb88fd89df7d882a1598464861657d98725cc129f1edaf08a94e73e6bdc,0d2494c12760db4a6b837e7bfc485d15193f86a15fa18bb471e5ee67e0fee2da,34.04829074628651
vit_b16_blocks6_joint_ln_archived_lr_actta_seed1,pixelate,5000,39.019999999999996,51a7882538a701e18d3ff7220c534c0fd9b48e6d329e7c67aa20ea63b6d6376d,d8efc960ff0165308c3acb08d99f5a233f85c6e313eb57c61d7bb41654a18977,34.081337409093976
vit_b16_blocks6_joint_ln_archived_lr_actta_seed1,jpeg_compression,5000,39.580000000000005,af64b40ef9a708e399f74cfd6cb474f4b8769c22c6c06d749d94c3dc3adf699c,0f6649d8f697780a4e6da6352523d768d6f82dadc885c5502d724f13f477f281,34.08891259506345
