run,nominal_depth_percent,corruption,samples,error_percent,sample_order_sha256,sample_content_sha256,seconds
resnet50_d000_seed1,0,gaussian_noise,5000,84.6,a3d44437f284b46e5d827df6101e63efe16f752040ad67db809c061bc367bde5,effb697d5fdbde968bf8113f19d9a0c7ba3592d71f3b12fea2df9de9b181d51e,5.592478152364492
resnet50_d000_seed1,0,shot_noise,5000,83.74000000000001,a3d44437f284b46e5d827df6101e63efe16f752040ad67db809c061bc367bde5,2e8e86171ec550d71f80e06e69580b0a85e4120bae537bff88ae74087732202e,4.136892842128873
resnet50_d000_seed1,0,impulse_noise,5000,84.56,a3d44437f284b46e5d827df6101e63efe16f752040ad67db809c061bc367bde5,8af95fb792a2fce94d6b0100300524b86e31e47e4e77e2a267ea0d3ec65d3800,4.187665827572346
resnet50_d000_seed1,0,defocus_blur,5000,84.42,a3d44437f284b46e5d827df6101e63efe16f752040ad67db809c061bc367bde5,58fe3403080d730361b8946aa1746ffc1a56f6bd93957cdadf2af5c8bd029328,4.095525782555342
resnet50_d000_seed1,0,glass_blur,5000,84.36,a3d44437f284b46e5d827df6101e63efe16f752040ad67db809c061bc367bde5,e80361f50fcccab385274b1f9c335db3a9490877ad1e9a5acd870151ed2e7263,4.138912050053477
resnet50_d000_seed1,0,motion_blur,5000,73.12,a3d44437f284b46e5d827df6101e63efe16f752040ad67db809c061bc367bde5,627eb1bb3368786e61561cd194176f2ecee708f28cd217f5a9e7bcda45f3617e,4.258231533691287
resnet50_d000_seed1,0,zoom_blur,5000,60.5,a3d44437f284b46e5d827df6101e63efe16f752040ad67db809c061bc367bde5,876769ee5fd42152f3876c8dff30f7e8a9c267fa83d9c471ee7881be5b3c935a,3.9591371454298496
resnet50_d000_seed1,0,snow,5000,64.9,a3d44437f284b46e5d827df6101e63efe16f752040ad67db809c061bc367bde5,a3d705b9e98ab8c76ee37005cde6cf2eca2b606c379640814c66cac9b326edb8,3.97355405241251
resnet50_d000_seed1,0,frost,5000,67.88000000000001,a3d44437f284b46e5d827df6101e63efe16f752040ad67db809c061bc367bde5,2b9d1c8f61e2f7e42509541790245ce25b2673fc824a16eea6397a167daea4ac,4.011228373274207
resnet50_d000_seed1,0,fog,5000,51.66,a3d44437f284b46e5d827df6101e63efe16f752040ad67db809c061bc367bde5,18f4871ec19d7de9ec130787ca6d4fed886ab9ef9fc2f33ae273ab5e3077619a,3.990050410851836
resnet50_d000_seed1,0,brightness,5000,34.48,a3d44437f284b46e5d827df6101e63efe16f752040ad67db809c061bc367bde5,0c967722d7cb071c124da31ecf68b42ba9e74f115d71d1699c0afcd283df40ef,3.983336204662919
resnet50_d000_seed1,0,contrast,5000,82.58,a3d44437f284b46e5d827df6101e63efe16f752040ad67db809c061bc367bde5,daf1c25ef7eed1f14c01212efe34efd7e29818d5816a682de68e26e05bcd4fe5,3.9595769345760345
resnet50_d000_seed1,0,elastic_transform,5000,55.04,a3d44437f284b46e5d827df6101e63efe16f752040ad67db809c061bc367bde5,2db51db3e5d1534802628fe69ff7405592126d8f45acde494213ae6ba27b42a4,3.977266561239958
resnet50_d000_seed1,0,pixelate,5000,50.34,a3d44437f284b46e5d827df6101e63efe16f752040ad67db809c061bc367bde5,9713fbc52ac44d8101690a63b1986c477dda5ad9d3588095a764bea11a80d29a,3.9710348173975945
resnet50_d000_seed1,0,jpeg_compression,5000,59.36,a3d44437f284b46e5d827df6101e63efe16f752040ad67db809c061bc367bde5,306e05fa5e92372e7075a16de4802fea59b585663a0d911747e4e276b5ef873d,3.9680321030318737
resnet50_d025_seed1,25,gaussian_noise,5000,83.91999999999999,a3d44437f284b46e5d827df6101e63efe16f752040ad67db809c061bc367bde5,effb697d5fdbde968bf8113f19d9a0c7ba3592d71f3b12fea2df9de9b181d51e,18.110810339450836
resnet50_d025_seed1,25,shot_noise,5000,82.91999999999999,a3d44437f284b46e5d827df6101e63efe16f752040ad67db809c061bc367bde5,2e8e86171ec550d71f80e06e69580b0a85e4120bae537bff88ae74087732202e,15.36830891855061
resnet50_d025_seed1,25,impulse_noise,5000,84.1,a3d44437f284b46e5d827df6101e63efe16f752040ad67db809c061bc367bde5,8af95fb792a2fce94d6b0100300524b86e31e47e4e77e2a267ea0d3ec65d3800,15.429959217086434
resnet50_d025_seed1,25,defocus_blur,5000,83.66,a3d44437f284b46e5d827df6101e63efe16f752040ad67db809c061bc367bde5,58fe3403080d730361b8946aa1746ffc1a56f6bd93957cdadf2af5c8bd029328,15.23543912731111
resnet50_d025_seed1,25,glass_blur,5000,83.86,a3d44437f284b46e5d827df6101e63efe16f752040ad67db809c061bc367bde5,e80361f50fcccab385274b1f9c335db3a9490877ad1e9a5acd870151ed2e7263,15.214838372543454
resnet50_d025_seed1,25,motion_blur,5000,72.34,a3d44437f284b46e5d827df6101e63efe16f752040ad67db809c061bc367bde5,627eb1bb3368786e61561cd194176f2ecee708f28cd217f5a9e7bcda45f3617e,15.251213358715177
resnet50_d025_seed1,25,zoom_blur,5000,59.46,a3d44437f284b46e5d827df6101e63efe16f752040ad67db809c061bc367bde5,876769ee5fd42152f3876c8dff30f7e8a9c267fa83d9c471ee7881be5b3c935a,15.25141754001379
resnet50_d025_seed1,25,snow,5000,63.6,a3d44437f284b46e5d827df6101e63efe16f752040ad67db809c061bc367bde5,a3d705b9e98ab8c76ee37005cde6cf2eca2b606c379640814c66cac9b326edb8,15.263353429734707
resnet50_d025_seed1,25,frost,5000,67.0,a3d44437f284b46e5d827df6101e63efe16f752040ad67db809c061bc367bde5,2b9d1c8f61e2f7e42509541790245ce25b2673fc824a16eea6397a167daea4ac,15.260875318199396
resnet50_d025_seed1,25,fog,5000,50.28,a3d44437f284b46e5d827df6101e63efe16f752040ad67db809c061bc367bde5,18f4871ec19d7de9ec130787ca6d4fed886ab9ef9fc2f33ae273ab5e3077619a,15.235703410580754
resnet50_d025_seed1,25,brightness,5000,34.24,a3d44437f284b46e5d827df6101e63efe16f752040ad67db809c061bc367bde5,0c967722d7cb071c124da31ecf68b42ba9e74f115d71d1699c0afcd283df40ef,15.288730749860406
resnet50_d025_seed1,25,contrast,5000,80.12,a3d44437f284b46e5d827df6101e63efe16f752040ad67db809c061bc367bde5,daf1c25ef7eed1f14c01212efe34efd7e29818d5816a682de68e26e05bcd4fe5,15.316330041736364
resnet50_d025_seed1,25,elastic_transform,5000,54.54,a3d44437f284b46e5d827df6101e63efe16f752040ad67db809c061bc367bde5,2db51db3e5d1534802628fe69ff7405592126d8f45acde494213ae6ba27b42a4,15.316155580803752
resnet50_d025_seed1,25,pixelate,5000,48.660000000000004,a3d44437f284b46e5d827df6101e63efe16f752040ad67db809c061bc367bde5,9713fbc52ac44d8101690a63b1986c477dda5ad9d3588095a764bea11a80d29a,15.29486352019012
resnet50_d025_seed1,25,jpeg_compression,5000,57.46,a3d44437f284b46e5d827df6101e63efe16f752040ad67db809c061bc367bde5,306e05fa5e92372e7075a16de4802fea59b585663a0d911747e4e276b5ef873d,15.240464242175221
resnet50_d050_seed1,50,gaussian_noise,5000,82.48,a3d44437f284b46e5d827df6101e63efe16f752040ad67db809c061bc367bde5,effb697d5fdbde968bf8113f19d9a0c7ba3592d71f3b12fea2df9de9b181d51e,21.13115767762065
resnet50_d050_seed1,50,shot_noise,5000,81.02000000000001,a3d44437f284b46e5d827df6101e63efe16f752040ad67db809c061bc367bde5,2e8e86171ec550d71f80e06e69580b0a85e4120bae537bff88ae74087732202e,18.286273377016187
resnet50_d050_seed1,50,impulse_noise,5000,82.62,a3d44437f284b46e5d827df6101e63efe16f752040ad67db809c061bc367bde5,8af95fb792a2fce94d6b0100300524b86e31e47e4e77e2a267ea0d3ec65d3800,18.214206276461482
resnet50_d050_seed1,50,defocus_blur,5000,82.86,a3d44437f284b46e5d827df6101e63efe16f752040ad67db809c061bc367bde5,58fe3403080d730361b8946aa1746ffc1a56f6bd93957cdadf2af5c8bd029328,18.13825000822544
resnet50_d050_seed1,50,glass_blur,5000,82.32,a3d44437f284b46e5d827df6101e63efe16f752040ad67db809c061bc367bde5,e80361f50fcccab385274b1f9c335db3a9490877ad1e9a5acd870151ed2e7263,18.15199715644121
resnet50_d050_seed1,50,motion_blur,5000,70.9,a3d44437f284b46e5d827df6101e63efe16f752040ad67db809c061bc367bde5,627eb1bb3368786e61561cd194176f2ecee708f28cd217f5a9e7bcda45f3617e,18.16860257089138
resnet50_d050_seed1,50,zoom_blur,5000,58.36,a3d44437f284b46e5d827df6101e63efe16f752040ad67db809c061bc367bde5,876769ee5fd42152f3876c8dff30f7e8a9c267fa83d9c471ee7881be5b3c935a,18.134584667161107
resnet50_d050_seed1,50,snow,5000,62.32,a3d44437f284b46e5d827df6101e63efe16f752040ad67db809c061bc367bde5,a3d705b9e98ab8c76ee37005cde6cf2eca2b606c379640814c66cac9b326edb8,18.172499395906925
resnet50_d050_seed1,50,frost,5000,66.32000000000001,a3d44437f284b46e5d827df6101e63efe16f752040ad67db809c061bc367bde5,2b9d1c8f61e2f7e42509541790245ce25b2673fc824a16eea6397a167daea4ac,18.163796169683337
resnet50_d050_seed1,50,fog,5000,49.2,a3d44437f284b46e5d827df6101e63efe16f752040ad67db809c061bc367bde5,18f4871ec19d7de9ec130787ca6d4fed886ab9ef9fc2f33ae273ab5e3077619a,18.125424668192863
resnet50_d050_seed1,50,brightness,5000,34.019999999999996,a3d44437f284b46e5d827df6101e63efe16f752040ad67db809c061bc367bde5,0c967722d7cb071c124da31ecf68b42ba9e74f115d71d1699c0afcd283df40ef,18.153672138229012
resnet50_d050_seed1,50,contrast,5000,79.02,a3d44437f284b46e5d827df6101e63efe16f752040ad67db809c061bc367bde5,daf1c25ef7eed1f14c01212efe34efd7e29818d5816a682de68e26e05bcd4fe5,18.158620359376073
resnet50_d050_seed1,50,elastic_transform,5000,53.38,a3d44437f284b46e5d827df6101e63efe16f752040ad67db809c061bc367bde5,2db51db3e5d1534802628fe69ff7405592126d8f45acde494213ae6ba27b42a4,18.16010408848524
resnet50_d050_seed1,50,pixelate,5000,47.519999999999996,a3d44437f284b46e5d827df6101e63efe16f752040ad67db809c061bc367bde5,9713fbc52ac44d8101690a63b1986c477dda5ad9d3588095a764bea11a80d29a,18.148488139733672
resnet50_d050_seed1,50,jpeg_compression,5000,55.699999999999996,a3d44437f284b46e5d827df6101e63efe16f752040ad67db809c061bc367bde5,306e05fa5e92372e7075a16de4802fea59b585663a0d911747e4e276b5ef873d,18.157479310408235
resnet50_d075_seed1,75,gaussian_noise,5000,80.60000000000001,a3d44437f284b46e5d827df6101e63efe16f752040ad67db809c061bc367bde5,effb697d5fdbde968bf8113f19d9a0c7ba3592d71f3b12fea2df9de9b181d51e,22.648918936029077
resnet50_d075_seed1,75,shot_noise,5000,79.2,a3d44437f284b46e5d827df6101e63efe16f752040ad67db809c061bc367bde5,2e8e86171ec550d71f80e06e69580b0a85e4120bae537bff88ae74087732202e,19.92822910286486
resnet50_d075_seed1,75,impulse_noise,5000,81.1,a3d44437f284b46e5d827df6101e63efe16f752040ad67db809c061bc367bde5,8af95fb792a2fce94d6b0100300524b86e31e47e4e77e2a267ea0d3ec65d3800,19.82075327821076
resnet50_d075_seed1,75,defocus_blur,5000,81.56,a3d44437f284b46e5d827df6101e63efe16f752040ad67db809c061bc367bde5,58fe3403080d730361b8946aa1746ffc1a56f6bd93957cdadf2af5c8bd029328,19.758878488093615
resnet50_d075_seed1,75,glass_blur,5000,81.3,a3d44437f284b46e5d827df6101e63efe16f752040ad67db809c061bc367bde5,e80361f50fcccab385274b1f9c335db3a9490877ad1e9a5acd870151ed2e7263,19.728249991312623
resnet50_d075_seed1,75,motion_blur,5000,69.44,a3d44437f284b46e5d827df6101e63efe16f752040ad67db809c061bc367bde5,627eb1bb3368786e61561cd194176f2ecee708f28cd217f5a9e7bcda45f3617e,19.821631725877523
resnet50_d075_seed1,75,zoom_blur,5000,57.00000000000001,a3d44437f284b46e5d827df6101e63efe16f752040ad67db809c061bc367bde5,876769ee5fd42152f3876c8dff30f7e8a9c267fa83d9c471ee7881be5b3c935a,19.829097306355834
resnet50_d075_seed1,75,snow,5000,61.0,a3d44437f284b46e5d827df6101e63efe16f752040ad67db809c061bc367bde5,a3d705b9e98ab8c76ee37005cde6cf2eca2b606c379640814c66cac9b326edb8,19.80845335125923
resnet50_d075_seed1,75,frost,5000,65.3,a3d44437f284b46e5d827df6101e63efe16f752040ad67db809c061bc367bde5,2b9d1c8f61e2f7e42509541790245ce25b2673fc824a16eea6397a167daea4ac,19.84508894570172
resnet50_d075_seed1,75,fog,5000,47.88,a3d44437f284b46e5d827df6101e63efe16f752040ad67db809c061bc367bde5,18f4871ec19d7de9ec130787ca6d4fed886ab9ef9fc2f33ae273ab5e3077619a,19.862466046586633
resnet50_d075_seed1,75,brightness,5000,33.56,a3d44437f284b46e5d827df6101e63efe16f752040ad67db809c061bc367bde5,0c967722d7cb071c124da31ecf68b42ba9e74f115d71d1699c0afcd283df40ef,19.806274907663465
resnet50_d075_seed1,75,contrast,5000,78.28,a3d44437f284b46e5d827df6101e63efe16f752040ad67db809c061bc367bde5,daf1c25ef7eed1f14c01212efe34efd7e29818d5816a682de68e26e05bcd4fe5,19.735575441271067
resnet50_d075_seed1,75,elastic_transform,5000,51.96000000000001,a3d44437f284b46e5d827df6101e63efe16f752040ad67db809c061bc367bde5,2db51db3e5d1534802628fe69ff7405592126d8f45acde494213ae6ba27b42a4,19.766689371317625
resnet50_d075_seed1,75,pixelate,5000,46.940000000000005,a3d44437f284b46e5d827df6101e63efe16f752040ad67db809c061bc367bde5,9713fbc52ac44d8101690a63b1986c477dda5ad9d3588095a764bea11a80d29a,19.779619932174683
resnet50_d075_seed1,75,jpeg_compression,5000,54.48,a3d44437f284b46e5d827df6101e63efe16f752040ad67db809c061bc367bde5,306e05fa5e92372e7075a16de4802fea59b585663a0d911747e4e276b5ef873d,19.7475992012769
resnet50_d100_seed1,100,gaussian_noise,5000,79.86,a3d44437f284b46e5d827df6101e63efe16f752040ad67db809c061bc367bde5,effb697d5fdbde968bf8113f19d9a0c7ba3592d71f3b12fea2df9de9b181d51e,23.71305974572897
resnet50_d100_seed1,100,shot_noise,5000,78.66,a3d44437f284b46e5d827df6101e63efe16f752040ad67db809c061bc367bde5,2e8e86171ec550d71f80e06e69580b0a85e4120bae537bff88ae74087732202e,20.882847974076867
resnet50_d100_seed1,100,impulse_noise,5000,80.14,a3d44437f284b46e5d827df6101e63efe16f752040ad67db809c061bc367bde5,8af95fb792a2fce94d6b0100300524b86e31e47e4e77e2a267ea0d3ec65d3800,20.85473027266562
resnet50_d100_seed1,100,defocus_blur,5000,80.52,a3d44437f284b46e5d827df6101e63efe16f752040ad67db809c061bc367bde5,58fe3403080d730361b8946aa1746ffc1a56f6bd93957cdadf2af5c8bd029328,20.78164824657142
resnet50_d100_seed1,100,glass_blur,5000,80.36,a3d44437f284b46e5d827df6101e63efe16f752040ad67db809c061bc367bde5,e80361f50fcccab385274b1f9c335db3a9490877ad1e9a5acd870151ed2e7263,20.760809406638145
resnet50_d100_seed1,100,motion_blur,5000,68.61999999999999,a3d44437f284b46e5d827df6101e63efe16f752040ad67db809c061bc367bde5,627eb1bb3368786e61561cd194176f2ecee708f28cd217f5a9e7bcda45f3617e,20.769807431846857
resnet50_d100_seed1,100,zoom_blur,5000,56.16,a3d44437f284b46e5d827df6101e63efe16f752040ad67db809c061bc367bde5,876769ee5fd42152f3876c8dff30f7e8a9c267fa83d9c471ee7881be5b3c935a,20.790901642292738
resnet50_d100_seed1,100,snow,5000,60.58,a3d44437f284b46e5d827df6101e63efe16f752040ad67db809c061bc367bde5,a3d705b9e98ab8c76ee37005cde6cf2eca2b606c379640814c66cac9b326edb8,20.80420185253024
resnet50_d100_seed1,100,frost,5000,64.72,a3d44437f284b46e5d827df6101e63efe16f752040ad67db809c061bc367bde5,2b9d1c8f61e2f7e42509541790245ce25b2673fc824a16eea6397a167daea4ac,20.815599096938968
resnet50_d100_seed1,100,fog,5000,47.58,a3d44437f284b46e5d827df6101e63efe16f752040ad67db809c061bc367bde5,18f4871ec19d7de9ec130787ca6d4fed886ab9ef9fc2f33ae273ab5e3077619a,20.705596931278706
resnet50_d100_seed1,100,brightness,5000,33.440000000000005,a3d44437f284b46e5d827df6101e63efe16f752040ad67db809c061bc367bde5,0c967722d7cb071c124da31ecf68b42ba9e74f115d71d1699c0afcd283df40ef,20.769159145653248
resnet50_d100_seed1,100,contrast,5000,77.64,a3d44437f284b46e5d827df6101e63efe16f752040ad67db809c061bc367bde5,daf1c25ef7eed1f14c01212efe34efd7e29818d5816a682de68e26e05bcd4fe5,20.804464699700475
resnet50_d100_seed1,100,elastic_transform,5000,51.34000000000001,a3d44437f284b46e5d827df6101e63efe16f752040ad67db809c061bc367bde5,2db51db3e5d1534802628fe69ff7405592126d8f45acde494213ae6ba27b42a4,20.800600439310074
resnet50_d100_seed1,100,pixelate,5000,46.599999999999994,a3d44437f284b46e5d827df6101e63efe16f752040ad67db809c061bc367bde5,9713fbc52ac44d8101690a63b1986c477dda5ad9d3588095a764bea11a80d29a,20.750747196376324
resnet50_d100_seed1,100,jpeg_compression,5000,54.44,a3d44437f284b46e5d827df6101e63efe16f752040ad67db809c061bc367bde5,306e05fa5e92372e7075a16de4802fea59b585663a0d911747e4e276b5ef873d,20.799551509320736
vit_b16_d000_seed1,0,gaussian_noise,5000,77.86,a3d44437f284b46e5d827df6101e63efe16f752040ad67db809c061bc367bde5,effb697d5fdbde968bf8113f19d9a0c7ba3592d71f3b12fea2df9de9b181d51e,12.640335930511355
vit_b16_d000_seed1,0,shot_noise,5000,74.76,a3d44437f284b46e5d827df6101e63efe16f752040ad67db809c061bc367bde5,2e8e86171ec550d71f80e06e69580b0a85e4120bae537bff88ae74087732202e,11.981175506487489
vit_b16_d000_seed1,0,impulse_noise,5000,77.0,a3d44437f284b46e5d827df6101e63efe16f752040ad67db809c061bc367bde5,8af95fb792a2fce94d6b0100300524b86e31e47e4e77e2a267ea0d3ec65d3800,11.992443084716797
vit_b16_d000_seed1,0,defocus_blur,5000,67.94,a3d44437f284b46e5d827df6101e63efe16f752040ad67db809c061bc367bde5,58fe3403080d730361b8946aa1746ffc1a56f6bd93957cdadf2af5c8bd029328,11.973035648465157
vit_b16_d000_seed1,0,glass_blur,5000,68.96,a3d44437f284b46e5d827df6101e63efe16f752040ad67db809c061bc367bde5,e80361f50fcccab385274b1f9c335db3a9490877ad1e9a5acd870151ed2e7263,11.934869397431612
vit_b16_d000_seed1,0,motion_blur,5000,58.699999999999996,a3d44437f284b46e5d827df6101e63efe16f752040ad67db809c061bc367bde5,627eb1bb3368786e61561cd194176f2ecee708f28cd217f5a9e7bcda45f3617e,11.915103977546096
vit_b16_d000_seed1,0,zoom_blur,5000,61.94,a3d44437f284b46e5d827df6101e63efe16f752040ad67db809c061bc367bde5,876769ee5fd42152f3876c8dff30f7e8a9c267fa83d9c471ee7881be5b3c935a,11.9555285833776
vit_b16_d000_seed1,0,snow,5000,61.339999999999996,a3d44437f284b46e5d827df6101e63efe16f752040ad67db809c061bc367bde5,a3d705b9e98ab8c76ee37005cde6cf2eca2b606c379640814c66cac9b326edb8,11.967146649956703
vit_b16_d000_seed1,0,frost,5000,58.60000000000001,a3d44437f284b46e5d827df6101e63efe16f752040ad67db809c061bc367bde5,2b9d1c8f61e2f7e42509541790245ce25b2673fc824a16eea6397a167daea4ac,11.981312595307827
vit_b16_d000_seed1,0,fog,5000,63.57999999999999,a3d44437f284b46e5d827df6101e63efe16f752040ad67db809c061bc367bde5,18f4871ec19d7de9ec130787ca6d4fed886ab9ef9fc2f33ae273ab5e3077619a,11.975989459082484
vit_b16_d000_seed1,0,brightness,5000,31.599999999999994,a3d44437f284b46e5d827df6101e63efe16f752040ad67db809c061bc367bde5,0c967722d7cb071c124da31ecf68b42ba9e74f115d71d1699c0afcd283df40ef,11.933195168152452
vit_b16_d000_seed1,0,contrast,5000,88.88000000000001,a3d44437f284b46e5d827df6101e63efe16f752040ad67db809c061bc367bde5,daf1c25ef7eed1f14c01212efe34efd7e29818d5816a682de68e26e05bcd4fe5,11.919082129374146
vit_b16_d000_seed1,0,elastic_transform,5000,51.85999999999999,a3d44437f284b46e5d827df6101e63efe16f752040ad67db809c061bc367bde5,2db51db3e5d1534802628fe69ff7405592126d8f45acde494213ae6ba27b42a4,11.914702866226435
vit_b16_d000_seed1,0,pixelate,5000,45.28,a3d44437f284b46e5d827df6101e63efe16f752040ad67db809c061bc367bde5,9713fbc52ac44d8101690a63b1986c477dda5ad9d3588095a764bea11a80d29a,11.895644141361117
vit_b16_d000_seed1,0,jpeg_compression,5000,43.26,a3d44437f284b46e5d827df6101e63efe16f752040ad67db809c061bc367bde5,306e05fa5e92372e7075a16de4802fea59b585663a0d911747e4e276b5ef873d,11.915601827204227
vit_b16_d025_seed1,25,gaussian_noise,5000,64.60000000000001,a3d44437f284b46e5d827df6101e63efe16f752040ad67db809c061bc367bde5,effb697d5fdbde968bf8113f19d9a0c7ba3592d71f3b12fea2df9de9b181d51e,29.108925715088844
vit_b16_d025_seed1,25,shot_noise,5000,62.78,a3d44437f284b46e5d827df6101e63efe16f752040ad67db809c061bc367bde5,2e8e86171ec550d71f80e06e69580b0a85e4120bae537bff88ae74087732202e,28.391468012705445
vit_b16_d025_seed1,25,impulse_noise,5000,79.18,a3d44437f284b46e5d827df6101e63efe16f752040ad67db809c061bc367bde5,8af95fb792a2fce94d6b0100300524b86e31e47e4e77e2a267ea0d3ec65d3800,28.43359382264316
vit_b16_d025_seed1,25,defocus_blur,5000,56.26,a3d44437f284b46e5d827df6101e63efe16f752040ad67db809c061bc367bde5,58fe3403080d730361b8946aa1746ffc1a56f6bd93957cdadf2af5c8bd029328,28.37548100017011
vit_b16_d025_seed1,25,glass_blur,5000,53.89999999999999,a3d44437f284b46e5d827df6101e63efe16f752040ad67db809c061bc367bde5,e80361f50fcccab385274b1f9c335db3a9490877ad1e9a5acd870151ed2e7263,28.399165326729417
vit_b16_d025_seed1,25,motion_blur,5000,48.72,a3d44437f284b46e5d827df6101e63efe16f752040ad67db809c061bc367bde5,627eb1bb3368786e61561cd194176f2ecee708f28cd217f5a9e7bcda45f3617e,28.39260066486895
vit_b16_d025_seed1,25,zoom_blur,5000,50.519999999999996,a3d44437f284b46e5d827df6101e63efe16f752040ad67db809c061bc367bde5,876769ee5fd42152f3876c8dff30f7e8a9c267fa83d9c471ee7881be5b3c935a,28.41755968518555
vit_b16_d025_seed1,25,snow,5000,52.26,a3d44437f284b46e5d827df6101e63efe16f752040ad67db809c061bc367bde5,a3d705b9e98ab8c76ee37005cde6cf2eca2b606c379640814c66cac9b326edb8,28.437775986269116
vit_b16_d025_seed1,25,frost,5000,52.92,a3d44437f284b46e5d827df6101e63efe16f752040ad67db809c061bc367bde5,2b9d1c8f61e2f7e42509541790245ce25b2673fc824a16eea6397a167daea4ac,28.41613845899701
vit_b16_d025_seed1,25,fog,5000,47.760000000000005,a3d44437f284b46e5d827df6101e63efe16f752040ad67db809c061bc367bde5,18f4871ec19d7de9ec130787ca6d4fed886ab9ef9fc2f33ae273ab5e3077619a,28.38798559270799
vit_b16_d025_seed1,25,brightness,5000,28.42,a3d44437f284b46e5d827df6101e63efe16f752040ad67db809c061bc367bde5,0c967722d7cb071c124da31ecf68b42ba9e74f115d71d1699c0afcd283df40ef,28.41710914671421
vit_b16_d025_seed1,25,contrast,5000,63.9,a3d44437f284b46e5d827df6101e63efe16f752040ad67db809c061bc367bde5,daf1c25ef7eed1f14c01212efe34efd7e29818d5816a682de68e26e05bcd4fe5,28.42769188247621
vit_b16_d025_seed1,25,elastic_transform,5000,40.14,a3d44437f284b46e5d827df6101e63efe16f752040ad67db809c061bc367bde5,2db51db3e5d1534802628fe69ff7405592126d8f45acde494213ae6ba27b42a4,28.43717835471034
vit_b16_d025_seed1,25,pixelate,5000,32.379999999999995,a3d44437f284b46e5d827df6101e63efe16f752040ad67db809c061bc367bde5,9713fbc52ac44d8101690a63b1986c477dda5ad9d3588095a764bea11a80d29a,28.540587078779936
vit_b16_d025_seed1,25,jpeg_compression,5000,37.36000000000001,a3d44437f284b46e5d827df6101e63efe16f752040ad67db809c061bc367bde5,306e05fa5e92372e7075a16de4802fea59b585663a0d911747e4e276b5ef873d,28.36595794185996
vit_b16_d050_seed1,50,gaussian_noise,5000,66.46000000000001,a3d44437f284b46e5d827df6101e63efe16f752040ad67db809c061bc367bde5,effb697d5fdbde968bf8113f19d9a0c7ba3592d71f3b12fea2df9de9b181d51e,33.27199171110988
vit_b16_d050_seed1,50,shot_noise,5000,61.64000000000001,a3d44437f284b46e5d827df6101e63efe16f752040ad67db809c061bc367bde5,2e8e86171ec550d71f80e06e69580b0a85e4120bae537bff88ae74087732202e,32.65642972663045
vit_b16_d050_seed1,50,impulse_noise,5000,63.72,a3d44437f284b46e5d827df6101e63efe16f752040ad67db809c061bc367bde5,8af95fb792a2fce94d6b0100300524b86e31e47e4e77e2a267ea0d3ec65d3800,32.627141404896975
vit_b16_d050_seed1,50,defocus_blur,5000,53.44,a3d44437f284b46e5d827df6101e63efe16f752040ad67db809c061bc367bde5,58fe3403080d730361b8946aa1746ffc1a56f6bd93957cdadf2af5c8bd029328,32.61854791268706
vit_b16_d050_seed1,50,glass_blur,5000,52.47999999999999,a3d44437f284b46e5d827df6101e63efe16f752040ad67db809c061bc367bde5,e80361f50fcccab385274b1f9c335db3a9490877ad1e9a5acd870151ed2e7263,32.627814369276166
vit_b16_d050_seed1,50,motion_blur,5000,46.5,a3d44437f284b46e5d827df6101e63efe16f752040ad67db809c061bc367bde5,627eb1bb3368786e61561cd194176f2ecee708f28cd217f5a9e7bcda45f3617e,32.537612400949
vit_b16_d050_seed1,50,zoom_blur,5000,48.14000000000001,a3d44437f284b46e5d827df6101e63efe16f752040ad67db809c061bc367bde5,876769ee5fd42152f3876c8dff30f7e8a9c267fa83d9c471ee7881be5b3c935a,32.60132837295532
vit_b16_d050_seed1,50,snow,5000,54.400000000000006,a3d44437f284b46e5d827df6101e63efe16f752040ad67db809c061bc367bde5,a3d705b9e98ab8c76ee37005cde6cf2eca2b606c379640814c66cac9b326edb8,32.68523562140763
vit_b16_d050_seed1,50,frost,5000,79.62,a3d44437f284b46e5d827df6101e63efe16f752040ad67db809c061bc367bde5,2b9d1c8f61e2f7e42509541790245ce25b2673fc824a16eea6397a167daea4ac,32.63927265256643
vit_b16_d050_seed1,50,fog,5000,46.9,a3d44437f284b46e5d827df6101e63efe16f752040ad67db809c061bc367bde5,18f4871ec19d7de9ec130787ca6d4fed886ab9ef9fc2f33ae273ab5e3077619a,32.689125679433346
vit_b16_d050_seed1,50,brightness,5000,26.939999999999998,a3d44437f284b46e5d827df6101e63efe16f752040ad67db809c061bc367bde5,0c967722d7cb071c124da31ecf68b42ba9e74f115d71d1699c0afcd283df40ef,32.58864948712289
vit_b16_d050_seed1,50,contrast,5000,82.64,a3d44437f284b46e5d827df6101e63efe16f752040ad67db809c061bc367bde5,daf1c25ef7eed1f14c01212efe34efd7e29818d5816a682de68e26e05bcd4fe5,32.52376827970147
vit_b16_d050_seed1,50,elastic_transform,5000,37.13999999999999,a3d44437f284b46e5d827df6101e63efe16f752040ad67db809c061bc367bde5,2db51db3e5d1534802628fe69ff7405592126d8f45acde494213ae6ba27b42a4,32.57937209121883
vit_b16_d050_seed1,50,pixelate,5000,31.86,a3d44437f284b46e5d827df6101e63efe16f752040ad67db809c061bc367bde5,9713fbc52ac44d8101690a63b1986c477dda5ad9d3588095a764bea11a80d29a,32.63588706590235
vit_b16_d050_seed1,50,jpeg_compression,5000,35.24,a3d44437f284b46e5d827df6101e63efe16f752040ad67db809c061bc367bde5,306e05fa5e92372e7075a16de4802fea59b585663a0d911747e4e276b5ef873d,32.611102286726236
vit_b16_d075_seed1,75,gaussian_noise,5000,65.52,a3d44437f284b46e5d827df6101e63efe16f752040ad67db809c061bc367bde5,effb697d5fdbde968bf8113f19d9a0c7ba3592d71f3b12fea2df9de9b181d51e,37.6539943870157
vit_b16_d075_seed1,75,shot_noise,5000,80.02,a3d44437f284b46e5d827df6101e63efe16f752040ad67db809c061bc367bde5,2e8e86171ec550d71f80e06e69580b0a85e4120bae537bff88ae74087732202e,36.951165210455656
vit_b16_d075_seed1,75,impulse_noise,5000,80.56,a3d44437f284b46e5d827df6101e63efe16f752040ad67db809c061bc367bde5,8af95fb792a2fce94d6b0100300524b86e31e47e4e77e2a267ea0d3ec65d3800,36.92983288131654
vit_b16_d075_seed1,75,defocus_blur,5000,53.32,a3d44437f284b46e5d827df6101e63efe16f752040ad67db809c061bc367bde5,58fe3403080d730361b8946aa1746ffc1a56f6bd93957cdadf2af5c8bd029328,36.8276165407151
vit_b16_d075_seed1,75,glass_blur,5000,52.7,a3d44437f284b46e5d827df6101e63efe16f752040ad67db809c061bc367bde5,e80361f50fcccab385274b1f9c335db3a9490877ad1e9a5acd870151ed2e7263,36.847020922228694
vit_b16_d075_seed1,75,motion_blur,5000,49.019999999999996,a3d44437f284b46e5d827df6101e63efe16f752040ad67db809c061bc367bde5,627eb1bb3368786e61561cd194176f2ecee708f28cd217f5a9e7bcda45f3617e,36.79928035475314
vit_b16_d075_seed1,75,zoom_blur,5000,56.49999999999999,a3d44437f284b46e5d827df6101e63efe16f752040ad67db809c061bc367bde5,876769ee5fd42152f3876c8dff30f7e8a9c267fa83d9c471ee7881be5b3c935a,36.83975259028375
vit_b16_d075_seed1,75,snow,5000,74.16,a3d44437f284b46e5d827df6101e63efe16f752040ad67db809c061bc367bde5,a3d705b9e98ab8c76ee37005cde6cf2eca2b606c379640814c66cac9b326edb8,36.8757315184921
vit_b16_d075_seed1,75,frost,5000,87.14,a3d44437f284b46e5d827df6101e63efe16f752040ad67db809c061bc367bde5,2b9d1c8f61e2f7e42509541790245ce25b2673fc824a16eea6397a167daea4ac,36.80785767175257
vit_b16_d075_seed1,75,fog,5000,47.5,a3d44437f284b46e5d827df6101e63efe16f752040ad67db809c061bc367bde5,18f4871ec19d7de9ec130787ca6d4fed886ab9ef9fc2f33ae273ab5e3077619a,36.83101491443813
vit_b16_d075_seed1,75,brightness,5000,26.5,a3d44437f284b46e5d827df6101e63efe16f752040ad67db809c061bc367bde5,0c967722d7cb071c124da31ecf68b42ba9e74f115d71d1699c0afcd283df40ef,36.82977623306215
vit_b16_d075_seed1,75,contrast,5000,89.34,a3d44437f284b46e5d827df6101e63efe16f752040ad67db809c061bc367bde5,daf1c25ef7eed1f14c01212efe34efd7e29818d5816a682de68e26e05bcd4fe5,36.7503981217742
vit_b16_d075_seed1,75,elastic_transform,5000,37.7,a3d44437f284b46e5d827df6101e63efe16f752040ad67db809c061bc367bde5,2db51db3e5d1534802628fe69ff7405592126d8f45acde494213ae6ba27b42a4,36.81292254664004
vit_b16_d075_seed1,75,pixelate,5000,31.720000000000002,a3d44437f284b46e5d827df6101e63efe16f752040ad67db809c061bc367bde5,9713fbc52ac44d8101690a63b1986c477dda5ad9d3588095a764bea11a80d29a,36.79827229306102
vit_b16_d075_seed1,75,jpeg_compression,5000,35.46,a3d44437f284b46e5d827df6101e63efe16f752040ad67db809c061bc367bde5,306e05fa5e92372e7075a16de4802fea59b585663a0d911747e4e276b5ef873d,36.752154560759664
vit_b16_d100_seed1,100,gaussian_noise,5000,81.88,a3d44437f284b46e5d827df6101e63efe16f752040ad67db809c061bc367bde5,effb697d5fdbde968bf8113f19d9a0c7ba3592d71f3b12fea2df9de9b181d51e,41.62693569436669
vit_b16_d100_seed1,100,shot_noise,5000,89.72,a3d44437f284b46e5d827df6101e63efe16f752040ad67db809c061bc367bde5,2e8e86171ec550d71f80e06e69580b0a85e4120bae537bff88ae74087732202e,40.91729328781366
vit_b16_d100_seed1,100,impulse_noise,5000,89.36,a3d44437f284b46e5d827df6101e63efe16f752040ad67db809c061bc367bde5,8af95fb792a2fce94d6b0100300524b86e31e47e4e77e2a267ea0d3ec65d3800,40.97841225191951
vit_b16_d100_seed1,100,defocus_blur,5000,52.94,a3d44437f284b46e5d827df6101e63efe16f752040ad67db809c061bc367bde5,58fe3403080d730361b8946aa1746ffc1a56f6bd93957cdadf2af5c8bd029328,40.93542888201773
vit_b16_d100_seed1,100,glass_blur,5000,52.38,a3d44437f284b46e5d827df6101e63efe16f752040ad67db809c061bc367bde5,e80361f50fcccab385274b1f9c335db3a9490877ad1e9a5acd870151ed2e7263,40.99531393870711
vit_b16_d100_seed1,100,motion_blur,5000,64.42,a3d44437f284b46e5d827df6101e63efe16f752040ad67db809c061bc367bde5,627eb1bb3368786e61561cd194176f2ecee708f28cd217f5a9e7bcda45f3617e,41.06305107474327
vit_b16_d100_seed1,100,zoom_blur,5000,73.44,a3d44437f284b46e5d827df6101e63efe16f752040ad67db809c061bc367bde5,876769ee5fd42152f3876c8dff30f7e8a9c267fa83d9c471ee7881be5b3c935a,40.96488661505282
vit_b16_d100_seed1,100,snow,5000,80.54,a3d44437f284b46e5d827df6101e63efe16f752040ad67db809c061bc367bde5,a3d705b9e98ab8c76ee37005cde6cf2eca2b606c379640814c66cac9b326edb8,40.967186108231544
vit_b16_d100_seed1,100,frost,5000,84.62,a3d44437f284b46e5d827df6101e63efe16f752040ad67db809c061bc367bde5,2b9d1c8f61e2f7e42509541790245ce25b2673fc824a16eea6397a167daea4ac,40.93582264892757
vit_b16_d100_seed1,100,fog,5000,81.1,a3d44437f284b46e5d827df6101e63efe16f752040ad67db809c061bc367bde5,18f4871ec19d7de9ec130787ca6d4fed886ab9ef9fc2f33ae273ab5e3077619a,41.090406803414226
vit_b16_d100_seed1,100,brightness,5000,27.280000000000005,a3d44437f284b46e5d827df6101e63efe16f752040ad67db809c061bc367bde5,0c967722d7cb071c124da31ecf68b42ba9e74f115d71d1699c0afcd283df40ef,40.99539280682802
vit_b16_d100_seed1,100,contrast,5000,89.9,a3d44437f284b46e5d827df6101e63efe16f752040ad67db809c061bc367bde5,daf1c25ef7eed1f14c01212efe34efd7e29818d5816a682de68e26e05bcd4fe5,41.000141924247146
vit_b16_d100_seed1,100,elastic_transform,5000,52.160000000000004,a3d44437f284b46e5d827df6101e63efe16f752040ad67db809c061bc367bde5,2db51db3e5d1534802628fe69ff7405592126d8f45acde494213ae6ba27b42a4,40.99395828694105
vit_b16_d100_seed1,100,pixelate,5000,32.06,a3d44437f284b46e5d827df6101e63efe16f752040ad67db809c061bc367bde5,9713fbc52ac44d8101690a63b1986c477dda5ad9d3588095a764bea11a80d29a,40.91870931535959
vit_b16_d100_seed1,100,jpeg_compression,5000,35.84,a3d44437f284b46e5d827df6101e63efe16f752040ad67db809c061bc367bde5,306e05fa5e92372e7075a16de4802fea59b585663a0d911747e4e276b5ef873d,40.94869986176491
