run,nominal_depth_percent,selected_ordinal,path,channels,preset,share
resnet50_d025_seed1,25,1,model.relu,64,relu,channel
resnet50_d025_seed1,25,2,model.layer1.0.relu1,64,relu,channel
resnet50_d025_seed1,25,3,model.layer1.0.relu2,64,relu,channel
resnet50_d025_seed1,25,4,model.layer1.0.relu3,256,relu,channel
resnet50_d025_seed1,25,5,model.layer1.1.relu1,64,relu,channel
resnet50_d025_seed1,25,6,model.layer1.1.relu2,64,relu,channel
resnet50_d025_seed1,25,7,model.layer1.1.relu3,256,relu,channel
resnet50_d025_seed1,25,8,model.layer1.2.relu1,64,relu,channel
resnet50_d025_seed1,25,9,model.layer1.2.relu2,64,relu,channel
resnet50_d025_seed1,25,10,model.layer1.2.relu3,256,relu,channel
resnet50_d025_seed1,25,11,model.layer2.0.relu1,128,relu,channel
resnet50_d025_seed1,25,12,model.layer2.0.relu2,128,relu,channel
resnet50_d025_seed1,25,13,model.layer2.0.relu3,512,relu,channel
resnet50_d050_seed1,50,1,model.relu,64,relu,channel
resnet50_d050_seed1,50,2,model.layer1.0.relu1,64,relu,channel
resnet50_d050_seed1,50,3,model.layer1.0.relu2,64,relu,channel
resnet50_d050_seed1,50,4,model.layer1.0.relu3,256,relu,channel
resnet50_d050_seed1,50,5,model.layer1.1.relu1,64,relu,channel
resnet50_d050_seed1,50,6,model.layer1.1.relu2,64,relu,channel
resnet50_d050_seed1,50,7,model.layer1.1.relu3,256,relu,channel
resnet50_d050_seed1,50,8,model.layer1.2.relu1,64,relu,channel
resnet50_d050_seed1,50,9,model.layer1.2.relu2,64,relu,channel
resnet50_d050_seed1,50,10,model.layer1.2.relu3,256,relu,channel
resnet50_d050_seed1,50,11,model.layer2.0.relu1,128,relu,channel
resnet50_d050_seed1,50,12,model.layer2.0.relu2,128,relu,channel
resnet50_d050_seed1,50,13,model.layer2.0.relu3,512,relu,channel
resnet50_d050_seed1,50,14,model.layer2.1.relu1,128,relu,channel
resnet50_d050_seed1,50,15,model.layer2.1.relu2,128,relu,channel
resnet50_d050_seed1,50,16,model.layer2.1.relu3,512,relu,channel
resnet50_d050_seed1,50,17,model.layer2.2.relu1,128,relu,channel
resnet50_d050_seed1,50,18,model.layer2.2.relu2,128,relu,channel
resnet50_d050_seed1,50,19,model.layer2.2.relu3,512,relu,channel
resnet50_d050_seed1,50,20,model.layer2.3.relu1,128,relu,channel
resnet50_d050_seed1,50,21,model.layer2.3.relu2,128,relu,channel
resnet50_d050_seed1,50,22,model.layer2.3.relu3,512,relu,channel
resnet50_d050_seed1,50,23,model.layer3.0.relu1,256,relu,channel
resnet50_d050_seed1,50,24,model.layer3.0.relu2,256,relu,channel
resnet50_d050_seed1,50,25,model.layer3.0.relu3,1024,relu,channel
resnet50_d075_seed1,75,1,model.relu,64,relu,channel
resnet50_d075_seed1,75,2,model.layer1.0.relu1,64,relu,channel
resnet50_d075_seed1,75,3,model.layer1.0.relu2,64,relu,channel
resnet50_d075_seed1,75,4,model.layer1.0.relu3,256,relu,channel
resnet50_d075_seed1,75,5,model.layer1.1.relu1,64,relu,channel
resnet50_d075_seed1,75,6,model.layer1.1.relu2,64,relu,channel
resnet50_d075_seed1,75,7,model.layer1.1.relu3,256,relu,channel
resnet50_d075_seed1,75,8,model.layer1.2.relu1,64,relu,channel
resnet50_d075_seed1,75,9,model.layer1.2.relu2,64,relu,channel
resnet50_d075_seed1,75,10,model.layer1.2.relu3,256,relu,channel
resnet50_d075_seed1,75,11,model.layer2.0.relu1,128,relu,channel
resnet50_d075_seed1,75,12,model.layer2.0.relu2,128,relu,channel
resnet50_d075_seed1,75,13,model.layer2.0.relu3,512,relu,channel
resnet50_d075_seed1,75,14,model.layer2.1.relu1,128,relu,channel
resnet50_d075_seed1,75,15,model.layer2.1.relu2,128,relu,channel
resnet50_d075_seed1,75,16,model.layer2.1.relu3,512,relu,channel
resnet50_d075_seed1,75,17,model.layer2.2.relu1,128,relu,channel
resnet50_d075_seed1,75,18,model.layer2.2.relu2,128,relu,channel
resnet50_d075_seed1,75,19,model.layer2.2.relu3,512,relu,channel
resnet50_d075_seed1,75,20,model.layer2.3.relu1,128,relu,channel
resnet50_d075_seed1,75,21,model.layer2.3.relu2,128,relu,channel
resnet50_d075_seed1,75,22,model.layer2.3.relu3,512,relu,channel
resnet50_d075_seed1,75,23,model.layer3.0.relu1,256,relu,channel
resnet50_d075_seed1,75,24,model.layer3.0.relu2,256,relu,channel
resnet50_d075_seed1,75,25,model.layer3.0.relu3,1024,relu,channel
resnet50_d075_seed1,75,26,model.layer3.1.relu1,256,relu,channel
resnet50_d075_seed1,75,27,model.layer3.1.relu2,256,relu,channel
resnet50_d075_seed1,75,28,model.layer3.1.relu3,1024,relu,channel
resnet50_d075_seed1,75,29,model.layer3.2.relu1,256,relu,channel
resnet50_d075_seed1,75,30,model.layer3.2.relu2,256,relu,channel
resnet50_d075_seed1,75,31,model.layer3.2.relu3,1024,relu,channel
resnet50_d075_seed1,75,32,model.layer3.3.relu1,256,relu,channel
resnet50_d075_seed1,75,33,model.layer3.3.relu2,256,relu,channel
resnet50_d075_seed1,75,34,model.layer3.3.relu3,1024,relu,channel
resnet50_d075_seed1,75,35,model.layer3.4.relu1,256,relu,channel
resnet50_d075_seed1,75,36,model.layer3.4.relu2,256,relu,channel
resnet50_d075_seed1,75,37,model.layer3.4.relu3,1024,relu,channel
resnet50_d075_seed1,75,38,model.layer3.5.relu1,256,relu,channel
resnet50_d100_seed1,100,1,model.relu,64,relu,channel
resnet50_d100_seed1,100,2,model.layer1.0.relu1,64,relu,channel
resnet50_d100_seed1,100,3,model.layer1.0.relu2,64,relu,channel
resnet50_d100_seed1,100,4,model.layer1.0.relu3,256,relu,channel
resnet50_d100_seed1,100,5,model.layer1.1.relu1,64,relu,channel
resnet50_d100_seed1,100,6,model.layer1.1.relu2,64,relu,channel
resnet50_d100_seed1,100,7,model.layer1.1.relu3,256,relu,channel
resnet50_d100_seed1,100,8,model.layer1.2.relu1,64,relu,channel
resnet50_d100_seed1,100,9,model.layer1.2.relu2,64,relu,channel
resnet50_d100_seed1,100,10,model.layer1.2.relu3,256,relu,channel
resnet50_d100_seed1,100,11,model.layer2.0.relu1,128,relu,channel
resnet50_d100_seed1,100,12,model.layer2.0.relu2,128,relu,channel
resnet50_d100_seed1,100,13,model.layer2.0.relu3,512,relu,channel
resnet50_d100_seed1,100,14,model.layer2.1.relu1,128,relu,channel
resnet50_d100_seed1,100,15,model.layer2.1.relu2,128,relu,channel
resnet50_d100_seed1,100,16,model.layer2.1.relu3,512,relu,channel
resnet50_d100_seed1,100,17,model.layer2.2.relu1,128,relu,channel
resnet50_d100_seed1,100,18,model.layer2.2.relu2,128,relu,channel
resnet50_d100_seed1,100,19,model.layer2.2.relu3,512,relu,channel
resnet50_d100_seed1,100,20,model.layer2.3.relu1,128,relu,channel
resnet50_d100_seed1,100,21,model.layer2.3.relu2,128,relu,channel
resnet50_d100_seed1,100,22,model.layer2.3.relu3,512,relu,channel
resnet50_d100_seed1,100,23,model.layer3.0.relu1,256,relu,channel
resnet50_d100_seed1,100,24,model.layer3.0.relu2,256,relu,channel
resnet50_d100_seed1,100,25,model.layer3.0.relu3,1024,relu,channel
resnet50_d100_seed1,100,26,model.layer3.1.relu1,256,relu,channel
resnet50_d100_seed1,100,27,model.layer3.1.relu2,256,relu,channel
resnet50_d100_seed1,100,28,model.layer3.1.relu3,1024,relu,channel
resnet50_d100_seed1,100,29,model.layer3.2.relu1,256,relu,channel
resnet50_d100_seed1,100,30,model.layer3.2.relu2,256,relu,channel
resnet50_d100_seed1,100,31,model.layer3.2.relu3,1024,relu,channel
resnet50_d100_seed1,100,32,model.layer3.3.relu1,256,relu,channel
resnet50_d100_seed1,100,33,model.layer3.3.relu2,256,relu,channel
resnet50_d100_seed1,100,34,model.layer3.3.relu3,1024,relu,channel
resnet50_d100_seed1,100,35,model.layer3.4.relu1,256,relu,channel
resnet50_d100_seed1,100,36,model.layer3.4.relu2,256,relu,channel
resnet50_d100_seed1,100,37,model.layer3.4.relu3,1024,relu,channel
resnet50_d100_seed1,100,38,model.layer3.5.relu1,256,relu,channel
resnet50_d100_seed1,100,39,model.layer3.5.relu2,256,relu,channel
resnet50_d100_seed1,100,40,model.layer3.5.relu3,1024,relu,channel
resnet50_d100_seed1,100,41,model.layer4.0.relu1,512,relu,channel
resnet50_d100_seed1,100,42,model.layer4.0.relu2,512,relu,channel
resnet50_d100_seed1,100,43,model.layer4.0.relu3,2048,relu,channel
resnet50_d100_seed1,100,44,model.layer4.1.relu1,512,relu,channel
resnet50_d100_seed1,100,45,model.layer4.1.relu2,512,relu,channel
resnet50_d100_seed1,100,46,model.layer4.1.relu3,2048,relu,channel
resnet50_d100_seed1,100,47,model.layer4.2.relu1,512,relu,channel
resnet50_d100_seed1,100,48,model.layer4.2.relu2,512,relu,channel
resnet50_d100_seed1,100,49,model.layer4.2.relu3,2048,relu,channel
vit_b16_d025_seed1,25,1,model.blocks.0.mlp.act,3072,gelu,channel
vit_b16_d025_seed1,25,2,model.blocks.1.mlp.act,3072,gelu,channel
vit_b16_d025_seed1,25,3,model.blocks.2.mlp.act,3072,gelu,channel
vit_b16_d050_seed1,50,1,model.blocks.0.mlp.act,3072,gelu,channel
vit_b16_d050_seed1,50,2,model.blocks.1.mlp.act,3072,gelu,channel
vit_b16_d050_seed1,50,3,model.blocks.2.mlp.act,3072,gelu,channel
vit_b16_d050_seed1,50,4,model.blocks.3.mlp.act,3072,gelu,channel
vit_b16_d050_seed1,50,5,model.blocks.4.mlp.act,3072,gelu,channel
vit_b16_d050_seed1,50,6,model.blocks.5.mlp.act,3072,gelu,channel
vit_b16_d075_seed1,75,1,model.blocks.0.mlp.act,3072,gelu,channel
vit_b16_d075_seed1,75,2,model.blocks.1.mlp.act,3072,gelu,channel
vit_b16_d075_seed1,75,3,model.blocks.2.mlp.act,3072,gelu,channel
vit_b16_d075_seed1,75,4,model.blocks.3.mlp.act,3072,gelu,channel
vit_b16_d075_seed1,75,5,model.blocks.4.mlp.act,3072,gelu,channel
vit_b16_d075_seed1,75,6,model.blocks.5.mlp.act,3072,gelu,channel
vit_b16_d075_seed1,75,7,model.blocks.6.mlp.act,3072,gelu,channel
vit_b16_d075_seed1,75,8,model.blocks.7.mlp.act,3072,gelu,channel
vit_b16_d075_seed1,75,9,model.blocks.8.mlp.act,3072,gelu,channel
vit_b16_d100_seed1,100,1,model.blocks.0.mlp.act,3072,gelu,channel
vit_b16_d100_seed1,100,2,model.blocks.1.mlp.act,3072,gelu,channel
vit_b16_d100_seed1,100,3,model.blocks.2.mlp.act,3072,gelu,channel
vit_b16_d100_seed1,100,4,model.blocks.3.mlp.act,3072,gelu,channel
vit_b16_d100_seed1,100,5,model.blocks.4.mlp.act,3072,gelu,channel
vit_b16_d100_seed1,100,6,model.blocks.5.mlp.act,3072,gelu,channel
vit_b16_d100_seed1,100,7,model.blocks.6.mlp.act,3072,gelu,channel
vit_b16_d100_seed1,100,8,model.blocks.7.mlp.act,3072,gelu,channel
vit_b16_d100_seed1,100,9,model.blocks.8.mlp.act,3072,gelu,channel
vit_b16_d100_seed1,100,10,model.blocks.9.mlp.act,3072,gelu,channel
vit_b16_d100_seed1,100,11,model.blocks.10.mlp.act,3072,gelu,channel
vit_b16_d100_seed1,100,12,model.blocks.11.mlp.act,3072,gelu,channel
