run,architecture,method,nominal_depth_percent,selected_activations,total_activations,actual_depth_percent,last_selected_path,trainable_values,normalization_affine_trainable,lr,nesterov,measured_error_percent,paper_table4_error_percent,delta_percentage_points,measured_no_worse_than_table4,matches_table4_at_two_decimals,no_worse_than_table4_at_two_decimals,seed,physical_gpu,predictions,shuffle,input_order_policy,zero_depth_note,result_sha256
resnet50_d000_seed1,resnet50,actta_tent,0,0,49,0.0,,0,False,,,68.10266666666668,,,,,,1,3,75000,False,original_hgh_image_id_file_order,frozen_affine_target_BN_or_fixed_LN,12cd5b599c8eff01e3a2899951c3b4a597380d872868afd4184089abb097b5b3
resnet50_d025_seed1,resnet50,actta_tent,25,13,49,26.53061224489796,model.layer2.0.relu3,5952,False,0.0025,True,67.07733333333333,67.02,0.05733333333333235,False,False,False,1,3,75000,False,original_hgh_image_id_file_order,,cb2523baf88b7e0b2bddf078bc963b357813676d6f53e72c06eddfa633e36c1e
resnet50_d050_seed1,resnet50,actta_tent,50,25,49,51.02040816326531,model.layer3.0.relu3,17472,False,0.0025,True,65.86933333333334,65.89,-0.020666666666656397,True,False,True,1,3,75000,False,original_hgh_image_id_file_order,,77bd6be05a341805f398056ec377d04d50001ab6c1e8a865a3ab559bca15eb09
resnet50_d075_seed1,resnet50,actta_tent,75,38,49,77.55102040816327,model.layer3.5.relu1,36672,False,0.0025,True,64.64000000000001,63.45,1.190000000000012,False,False,False,1,3,75000,False,original_hgh_image_id_file_order,,5b2534d69b5a08f78bfbc5733c20309377ee1b9925704a9fa95f89e0efcb0ade
resnet50_d100_seed1,resnet50,actta_tent,100,49,49,100.0,model.layer4.2.relu3,68160,False,0.0025,True,64.04400000000001,63.47,0.5740000000000123,False,False,False,1,3,75000,False,original_hgh_image_id_file_order,,ec263dd32b9cba547d5b53d8645cc31c9eb9ac7c6188bb2130f4b37fb27d7587
vit_b16_d000_seed1,vit_base_patch16_224.orig_in21k_ft_in1k,actta_tent,0,0,12,0.0,,0,False,,,62.104000000000006,,,,,,1,3,75000,False,original_hgh_image_id_file_order,frozen_affine_target_BN_or_fixed_LN,9f13a2d8904a62aef8f138b0a3b60ae15d2278fffd76996289795c578613a914
vit_b16_d025_seed1,vit_base_patch16_224.orig_in21k_ft_in1k,actta_tent,25,3,12,25.0,model.blocks.2.mlp.act,27648,False,0.0025,True,51.40666666666666,51.4,0.006666666666660603,False,False,False,1,3,75000,False,original_hgh_image_id_file_order,,485a8c73df315d8fc59311468051e4cd8fc5e542cd6cefb9baa6e0f10b998dc9
vit_b16_d050_seed1,vit_base_patch16_224.orig_in21k_ft_in1k,actta_tent,50,6,12,50.0,model.blocks.5.mlp.act,55296,False,0.0025,True,52.474666666666664,52.47,0.0046666666666652645,False,True,True,1,3,75000,False,original_hgh_image_id_file_order,,3984cc5ec2ad74263c6da768b5398e1b16296c382a5e4c78fe437507b57acd0a
vit_b16_d075_seed1,vit_base_patch16_224.orig_in21k_ft_in1k,actta_tent,75,9,12,75.0,model.blocks.8.mlp.act,82944,False,0.0025,True,57.81066666666667,57.81,0.0006666666666674814,False,True,True,1,3,75000,False,original_hgh_image_id_file_order,,0f0a6054c358e99961f93d660b521e70df9ed71fb92e804788782cdf5d18e4aa
vit_b16_d100_seed1,vit_base_patch16_224.orig_in21k_ft_in1k,actta_tent,100,12,12,100.0,model.blocks.11.mlp.act,110592,False,0.0025,True,65.84266666666666,65.84,0.002666666666655715,False,True,True,1,3,75000,False,original_hgh_image_id_file_order,,e725b548500177f4e158ad5b4e2b4d00ea984d1583f56fdc427f7a00cdfea702
