run,dataset,architecture,method,batch_size,lr,seed,mean_error_percent,evaluation_seconds,trainable_parameters,shuffle,legacy_rng_preamble,checkpoint_sha256,result_sha256,started_at_utc,completed_at_utc
cifar100_wrn40_bs128_actta_tent_seed1,cifar100_c,Hendrycks2020AugMix_WRN,actta_tent,128,0.01,1,33.97933333333334,118.43457690998912,3312,True,True,8747cfde9934180a8b9cca10c7567660dbe3e3f731304bda59f84fdfb6fb5a9d,08120c116b79dccc3fb4c0a3a821a1a400c02766855fd7a99021e0a6ae62e32a,2026-10-08T07:48:19.100953+00:00,2026-10-08T07:50:17.697725+00:00
cifar100_wrn40_bs128_source_seed1,cifar100_c,Hendrycks2020AugMix_WRN,source,128,0.0,1,46.748000000000005,23.943112328648567,0,True,True,8747cfde9934180a8b9cca10c7567660dbe3e3f731304bda59f84fdfb6fb5a9d,d8a2ccdd0ed5dda456810661dec3e3bc2a1ae0f6bd0636f3921ba5ca38d743a9,2026-10-08T07:46:54.214445+00:00,2026-10-08T07:47:18.192626+00:00
cifar100_wrn40_bs128_tent_seed1,cifar100_c,Hendrycks2020AugMix_WRN,tent,128,0.001,1,35.436666666666675,55.165549440309405,5408,True,True,8747cfde9934180a8b9cca10c7567660dbe3e3f731304bda59f84fdfb6fb5a9d,33e789683e51d8d6bea9e22fd3d8e63b0d419a4f765d51e01f4b6bdddd17acb4,2026-10-08T07:47:20.470783+00:00,2026-10-08T07:48:15.751055+00:00
cifar100_wrn40_bs4_actta_tent_seed1,cifar100_c,Hendrycks2020AugMix_WRN,actta_tent,4,0.001,1,54.867333333333335,915.9385154675692,3312,True,True,8747cfde9934180a8b9cca10c7567660dbe3e3f731304bda59f84fdfb6fb5a9d,773e70b336ecb050c3c4a1f9269c8d3916bd56f3f492a6aa0ba08a94cf347ff7,2026-10-08T08:21:35.765658+00:00,2026-10-08T08:36:51.847842+00:00
cifar100_wrn40_bs4_tent_seed1,cifar100_c,Hendrycks2020AugMix_WRN,tent,4,0.0001,1,57.14999999999999,636.9924153666943,5408,True,True,8747cfde9934180a8b9cca10c7567660dbe3e3f731304bda59f84fdfb6fb5a9d,2cfafda1caa0f6286753fdfd8eb653943e847de61e3e3aa425c8066fba175bb2,2026-10-08T08:10:54.982849+00:00,2026-10-08T08:21:32.086449+00:00
cifar10_wrn28_bs128_actta_tent_seed1,cifar10_c,Standard,actta_tent,128,0.01,1,17.122666666666667,317.8507347200066,3408,True,True,6ed1c75dad63e8ebdbef365020dd1a7eee5e79cf8a1438bd3bdc3b9c7aab3d44,50647c08fce62ea4ddba38ba6610c5958bd0cd0f05e771d9747cd49b3798e5d6,2026-10-08T07:41:31.036535+00:00,2026-10-08T07:46:48.997954+00:00
cifar10_wrn28_bs128_actta_tent_seed2,cifar10_c,Standard,actta_tent,128,0.01,2,16.976000000000003,360.2077158652246,3408,True,True,6ed1c75dad63e8ebdbef365020dd1a7eee5e79cf8a1438bd3bdc3b9c7aab3d44,00be6e3713b771f7b18c456f99440cc53dce476208af3cea16697025aeff9522,2026-10-08T07:54:37.658209+00:00,2026-10-08T08:00:37.969571+00:00
cifar10_wrn28_bs128_actta_tent_seed3,cifar10_c,Standard,actta_tent,128,0.01,3,16.997999999999998,360.0061880983412,3408,True,True,6ed1c75dad63e8ebdbef365020dd1a7eee5e79cf8a1438bd3bdc3b9c7aab3d44,e8d9c0a8a8e53c314e93edf9fdf3df199cf6600c4ca64641269a8a596a8448e0,2026-10-08T08:04:52.629195+00:00,2026-10-08T08:10:52.733786+00:00
cifar10_wrn28_bs128_source_seed1,cifar10_c,Standard,source,128,0.0,1,43.51666666666667,112.53391423076391,0,True,True,6ed1c75dad63e8ebdbef365020dd1a7eee5e79cf8a1438bd3bdc3b9c7aab3d44,0e3cea70f2f68579a9d88ae8e6e725901936b6ddef7401bdab86844cac8f0bbe,2026-10-08T07:35:15.376219+00:00,2026-10-08T07:37:07.955535+00:00
cifar10_wrn28_bs128_tent_seed1,cifar10_c,Standard,tent,128,0.001,1,18.55,256.06949160806835,17952,True,True,6ed1c75dad63e8ebdbef365020dd1a7eee5e79cf8a1438bd3bdc3b9c7aab3d44,b99437e709b990ac36dfc14d4281f7fbb59ab77a69b27e22fb66a9277d0d20ca,2026-10-08T07:37:10.878630+00:00,2026-10-08T07:41:27.043767+00:00
cifar10_wrn28_bs128_tent_seed2,cifar10_c,Standard,tent,128,0.001,2,18.346666666666668,253.69057323038578,17952,True,True,6ed1c75dad63e8ebdbef365020dd1a7eee5e79cf8a1438bd3bdc3b9c7aab3d44,0db249fa23fc5de465a332732610c15176c8577adc701fd3389eecfa78716043,2026-10-08T07:50:20.786214+00:00,2026-10-08T07:54:34.561098+00:00
cifar10_wrn28_bs128_tent_seed3,cifar10_c,Standard,tent,128,0.001,3,18.386000000000003,247.43361752666533,17952,True,True,6ed1c75dad63e8ebdbef365020dd1a7eee5e79cf8a1438bd3bdc3b9c7aab3d44,f6893e69fca1fd3dce25ef021723909c0475415bf7ed6542c38a0bc9aae720ed,2026-10-08T08:00:41.186576+00:00,2026-10-08T08:04:48.710325+00:00
