run,dataset,method,batch_size,seed,corruption,samples,error_percent,sample_order_sha256,seconds
cifar100_wrn40_bs128_actta_tent_seed1,cifar100_c,actta_tent,128,1,gaussian_noise,10000,38.78,94694a5af0c76138c5e29f79cf018dc56421573b7aaccd4fe150167434a11a61,10.251297416165471
cifar100_wrn40_bs128_actta_tent_seed1,cifar100_c,actta_tent,128,1,shot_noise,10000,37.739999999999995,744039af3d3d33450082e0c46059f0ce1357bb2fdb9bde8e3f66f20432bca4ab,7.134122842922807
cifar100_wrn40_bs128_actta_tent_seed1,cifar100_c,actta_tent,128,1,impulse_noise,10000,37.35000000000001,af4d1778f2864a9d782b999b4b4d684a515839bafec912b71f561d885c7bc75c,7.820037325844169
cifar100_wrn40_bs128_actta_tent_seed1,cifar100_c,actta_tent,128,1,defocus_blur,10000,29.24,d6153ffdb6f8fa1c013891cba150861382bcf889a21856063cb693ef43cd35ba,7.953492207452655
cifar100_wrn40_bs128_actta_tent_seed1,cifar100_c,actta_tent,128,1,glass_blur,10000,41.23,f02bc69fec0a982ea9683383365d6a560dd0e91acfc42c094f7871940e5e2c25,7.825793815776706
cifar100_wrn40_bs128_actta_tent_seed1,cifar100_c,actta_tent,128,1,motion_blur,10000,29.990000000000006,c9478c680257f02ff11d2345b594116e0afc13bd9b02cdf3b8a1d20f2f8f5665,7.857384203001857
cifar100_wrn40_bs128_actta_tent_seed1,cifar100_c,actta_tent,128,1,zoom_blur,10000,29.379999999999995,c75ffe618d16ed63bd3aaf8b67574211a2829f0c2a26ecf393fa7e3aaa353d5e,7.070413514971733
cifar100_wrn40_bs128_actta_tent_seed1,cifar100_c,actta_tent,128,1,snow,10000,33.24,332b58966cf810aec2e55765bb1997acd59934ae7657e29c6625c0d718841556,7.785118022933602
cifar100_wrn40_bs128_actta_tent_seed1,cifar100_c,actta_tent,128,1,frost,10000,34.28,4cae8e28342fce778361d7e1c690017e61479f894c81a056da81940d8dade787,7.932444477453828
cifar100_wrn40_bs128_actta_tent_seed1,cifar100_c,actta_tent,128,1,fog,10000,35.209999999999994,d0b6ca150d623066c69ebcfb444fb483910ad7633f3fb505f5f387ed5d86165a,7.74242901429534
cifar100_wrn40_bs128_actta_tent_seed1,cifar100_c,actta_tent,128,1,brightness,10000,26.990000000000002,8ea595fc7db1ff7df0975ac4504c0bea87b3ee2621f01e23b1d728955a52c749,8.028082070872188
cifar100_wrn40_bs128_actta_tent_seed1,cifar100_c,actta_tent,128,1,contrast,10000,30.269999999999996,6b0a44da8207236a7a9601fb2bacdba3db1757fb187b5b99fb6aeb250e17abb7,7.282126044854522
cifar100_wrn40_bs128_actta_tent_seed1,cifar100_c,actta_tent,128,1,elastic_transform,10000,36.660000000000004,a1d591103bf4c2b5577df582892bf931bbdcb50aaed4f48e1c19a8ea118e2441,7.824684605002403
cifar100_wrn40_bs128_actta_tent_seed1,cifar100_c,actta_tent,128,1,pixelate,10000,30.75,44d7008c9a82717611c39d0af5158951a69c94a714ab7b96a5422e64ecc8926a,8.002796173095703
cifar100_wrn40_bs128_actta_tent_seed1,cifar100_c,actta_tent,128,1,jpeg_compression,10000,38.580000000000005,ff514a7f1785d6352ee54b03af4910f514fbd31a95e0666a986a35d6af12ce8a,7.924355175346136
cifar100_wrn40_bs128_source_seed1,cifar100_c,source,128,1,gaussian_noise,10000,65.69,94694a5af0c76138c5e29f79cf018dc56421573b7aaccd4fe150167434a11a61,2.7009523920714855
cifar100_wrn40_bs128_source_seed1,cifar100_c,source,128,1,shot_noise,10000,60.050000000000004,744039af3d3d33450082e0c46059f0ce1357bb2fdb9bde8e3f66f20432bca4ab,1.5189632456749678
cifar100_wrn40_bs128_source_seed1,cifar100_c,source,128,1,impulse_noise,10000,59.12,af4d1778f2864a9d782b999b4b4d684a515839bafec912b71f561d885c7bc75c,1.5065950881689787
cifar100_wrn40_bs128_source_seed1,cifar100_c,source,128,1,defocus_blur,10000,32.04,d6153ffdb6f8fa1c013891cba150861382bcf889a21856063cb693ef43cd35ba,1.5303761456161737
cifar100_wrn40_bs128_source_seed1,cifar100_c,source,128,1,glass_blur,10000,50.92,f02bc69fec0a982ea9683383365d6a560dd0e91acfc42c094f7871940e5e2c25,1.5356750823557377
cifar100_wrn40_bs128_source_seed1,cifar100_c,source,128,1,motion_blur,10000,33.56,c9478c680257f02ff11d2345b594116e0afc13bd9b02cdf3b8a1d20f2f8f5665,1.542724559083581
cifar100_wrn40_bs128_source_seed1,cifar100_c,source,128,1,zoom_blur,10000,32.35,c75ffe618d16ed63bd3aaf8b67574211a2829f0c2a26ecf393fa7e3aaa353d5e,1.5192377548664808
cifar100_wrn40_bs128_source_seed1,cifar100_c,source,128,1,snow,10000,41.39000000000001,332b58966cf810aec2e55765bb1997acd59934ae7657e29c6625c0d718841556,1.533113257959485
cifar100_wrn40_bs128_source_seed1,cifar100_c,source,128,1,frost,10000,45.17,4cae8e28342fce778361d7e1c690017e61479f894c81a056da81940d8dade787,1.4924600347876549
cifar100_wrn40_bs128_source_seed1,cifar100_c,source,128,1,fog,10000,51.38,d0b6ca150d623066c69ebcfb444fb483910ad7633f3fb505f5f387ed5d86165a,1.4835545867681503
cifar100_wrn40_bs128_source_seed1,cifar100_c,source,128,1,brightness,10000,31.64,8ea595fc7db1ff7df0975ac4504c0bea87b3ee2621f01e23b1d728955a52c749,1.538240198045969
cifar100_wrn40_bs128_source_seed1,cifar100_c,source,128,1,contrast,10000,55.52,6b0a44da8207236a7a9601fb2bacdba3db1757fb187b5b99fb6aeb250e17abb7,1.5051134247332811
cifar100_wrn40_bs128_source_seed1,cifar100_c,source,128,1,elastic_transform,10000,40.239999999999995,a1d591103bf4c2b5577df582892bf931bbdcb50aaed4f48e1c19a8ea118e2441,1.5129434876143932
cifar100_wrn40_bs128_source_seed1,cifar100_c,source,128,1,pixelate,10000,59.72,44d7008c9a82717611c39d0af5158951a69c94a714ab7b96a5422e64ecc8926a,1.534673873335123
cifar100_wrn40_bs128_source_seed1,cifar100_c,source,128,1,jpeg_compression,10000,42.43,ff514a7f1785d6352ee54b03af4910f514fbd31a95e0666a986a35d6af12ce8a,1.4884891975671053
cifar100_wrn40_bs128_tent_seed1,cifar100_c,tent,128,1,gaussian_noise,10000,40.39,94694a5af0c76138c5e29f79cf018dc56421573b7aaccd4fe150167434a11a61,5.544419685378671
cifar100_wrn40_bs128_tent_seed1,cifar100_c,tent,128,1,shot_noise,10000,39.42,744039af3d3d33450082e0c46059f0ce1357bb2fdb9bde8e3f66f20432bca4ab,3.6123334672302008
cifar100_wrn40_bs128_tent_seed1,cifar100_c,tent,128,1,impulse_noise,10000,41.36,af4d1778f2864a9d782b999b4b4d684a515839bafec912b71f561d885c7bc75c,3.5142124462872744
cifar100_wrn40_bs128_tent_seed1,cifar100_c,tent,128,1,defocus_blur,10000,29.369999999999997,d6153ffdb6f8fa1c013891cba150861382bcf889a21856063cb693ef43cd35ba,3.614228432998061
cifar100_wrn40_bs128_tent_seed1,cifar100_c,tent,128,1,glass_blur,10000,42.13,f02bc69fec0a982ea9683383365d6a560dd0e91acfc42c094f7871940e5e2c25,3.607153333723545
cifar100_wrn40_bs128_tent_seed1,cifar100_c,tent,128,1,motion_blur,10000,30.53,c9478c680257f02ff11d2345b594116e0afc13bd9b02cdf3b8a1d20f2f8f5665,3.5894793830811977
cifar100_wrn40_bs128_tent_seed1,cifar100_c,tent,128,1,zoom_blur,10000,29.86,c75ffe618d16ed63bd3aaf8b67574211a2829f0c2a26ecf393fa7e3aaa353d5e,3.494747556746006
cifar100_wrn40_bs128_tent_seed1,cifar100_c,tent,128,1,snow,10000,34.88,332b58966cf810aec2e55765bb1997acd59934ae7657e29c6625c0d718841556,3.5703111551702023
cifar100_wrn40_bs128_tent_seed1,cifar100_c,tent,128,1,frost,10000,34.63,4cae8e28342fce778361d7e1c690017e61479f894c81a056da81940d8dade787,3.555684469640255
cifar100_wrn40_bs128_tent_seed1,cifar100_c,tent,128,1,fog,10000,38.29,d0b6ca150d623066c69ebcfb444fb483910ad7633f3fb505f5f387ed5d86165a,3.5651493407785892
cifar100_wrn40_bs128_tent_seed1,cifar100_c,tent,128,1,brightness,10000,27.490000000000002,8ea595fc7db1ff7df0975ac4504c0bea87b3ee2621f01e23b1d728955a52c749,3.1790356170386076
cifar100_wrn40_bs128_tent_seed1,cifar100_c,tent,128,1,contrast,10000,32.85,6b0a44da8207236a7a9601fb2bacdba3db1757fb187b5b99fb6aeb250e17abb7,3.5969990883022547
cifar100_wrn40_bs128_tent_seed1,cifar100_c,tent,128,1,elastic_transform,10000,37.53999999999999,a1d591103bf4c2b5577df582892bf931bbdcb50aaed4f48e1c19a8ea118e2441,3.550523469224572
cifar100_wrn40_bs128_tent_seed1,cifar100_c,tent,128,1,pixelate,10000,32.410000000000004,44d7008c9a82717611c39d0af5158951a69c94a714ab7b96a5422e64ecc8926a,3.585560066625476
cifar100_wrn40_bs128_tent_seed1,cifar100_c,tent,128,1,jpeg_compression,10000,40.400000000000006,ff514a7f1785d6352ee54b03af4910f514fbd31a95e0666a986a35d6af12ce8a,3.5857119280844927
cifar100_wrn40_bs4_actta_tent_seed1,cifar100_c,actta_tent,4,1,gaussian_noise,10000,58.35,94694a5af0c76138c5e29f79cf018dc56421573b7aaccd4fe150167434a11a61,61.433161752298474
cifar100_wrn40_bs4_actta_tent_seed1,cifar100_c,actta_tent,4,1,shot_noise,10000,56.54,744039af3d3d33450082e0c46059f0ce1357bb2fdb9bde8e3f66f20432bca4ab,62.23160480707884
cifar100_wrn40_bs4_actta_tent_seed1,cifar100_c,actta_tent,4,1,impulse_noise,10000,58.489999999999995,af4d1778f2864a9d782b999b4b4d684a515839bafec912b71f561d885c7bc75c,61.157304756343365
cifar100_wrn40_bs4_actta_tent_seed1,cifar100_c,actta_tent,4,1,defocus_blur,10000,49.660000000000004,d6153ffdb6f8fa1c013891cba150861382bcf889a21856063cb693ef43cd35ba,60.77425526082516
cifar100_wrn40_bs4_actta_tent_seed1,cifar100_c,actta_tent,4,1,glass_blur,10000,62.6,f02bc69fec0a982ea9683383365d6a560dd0e91acfc42c094f7871940e5e2c25,61.36801007762551
cifar100_wrn40_bs4_actta_tent_seed1,cifar100_c,actta_tent,4,1,motion_blur,10000,50.72,c9478c680257f02ff11d2345b594116e0afc13bd9b02cdf3b8a1d20f2f8f5665,61.13931884802878
cifar100_wrn40_bs4_actta_tent_seed1,cifar100_c,actta_tent,4,1,zoom_blur,10000,50.540000000000006,c75ffe618d16ed63bd3aaf8b67574211a2829f0c2a26ecf393fa7e3aaa353d5e,61.136391408741474
cifar100_wrn40_bs4_actta_tent_seed1,cifar100_c,actta_tent,4,1,snow,10000,54.50999999999999,332b58966cf810aec2e55765bb1997acd59934ae7657e29c6625c0d718841556,62.15378959663212
cifar100_wrn40_bs4_actta_tent_seed1,cifar100_c,actta_tent,4,1,frost,10000,54.08,4cae8e28342fce778361d7e1c690017e61479f894c81a056da81940d8dade787,60.41817692108452
cifar100_wrn40_bs4_actta_tent_seed1,cifar100_c,actta_tent,4,1,fog,10000,56.2,d0b6ca150d623066c69ebcfb444fb483910ad7633f3fb505f5f387ed5d86165a,61.461742075160146
cifar100_wrn40_bs4_actta_tent_seed1,cifar100_c,actta_tent,4,1,brightness,10000,48.31999999999999,8ea595fc7db1ff7df0975ac4504c0bea87b3ee2621f01e23b1d728955a52c749,57.730516240000725
cifar100_wrn40_bs4_actta_tent_seed1,cifar100_c,actta_tent,4,1,contrast,10000,52.239999999999995,6b0a44da8207236a7a9601fb2bacdba3db1757fb187b5b99fb6aeb250e17abb7,59.86063918098807
cifar100_wrn40_bs4_actta_tent_seed1,cifar100_c,actta_tent,4,1,elastic_transform,10000,58.3,a1d591103bf4c2b5577df582892bf931bbdcb50aaed4f48e1c19a8ea118e2441,61.963979575783014
cifar100_wrn40_bs4_actta_tent_seed1,cifar100_c,actta_tent,4,1,pixelate,10000,52.339999999999996,44d7008c9a82717611c39d0af5158951a69c94a714ab7b96a5422e64ecc8926a,61.29992026463151
cifar100_wrn40_bs4_actta_tent_seed1,cifar100_c,actta_tent,4,1,jpeg_compression,10000,60.12,ff514a7f1785d6352ee54b03af4910f514fbd31a95e0666a986a35d6af12ce8a,61.80970470234752
cifar100_wrn40_bs4_tent_seed1,cifar100_c,tent,4,1,gaussian_noise,10000,61.660000000000004,94694a5af0c76138c5e29f79cf018dc56421573b7aaccd4fe150167434a11a61,43.901911778375506
cifar100_wrn40_bs4_tent_seed1,cifar100_c,tent,4,1,shot_noise,10000,59.870000000000005,744039af3d3d33450082e0c46059f0ce1357bb2fdb9bde8e3f66f20432bca4ab,42.3402080219239
cifar100_wrn40_bs4_tent_seed1,cifar100_c,tent,4,1,impulse_noise,10000,62.169999999999995,af4d1778f2864a9d782b999b4b4d684a515839bafec912b71f561d885c7bc75c,43.06669592484832
cifar100_wrn40_bs4_tent_seed1,cifar100_c,tent,4,1,defocus_blur,10000,51.370000000000005,d6153ffdb6f8fa1c013891cba150861382bcf889a21856063cb693ef43cd35ba,42.4511894620955
cifar100_wrn40_bs4_tent_seed1,cifar100_c,tent,4,1,glass_blur,10000,64.21,f02bc69fec0a982ea9683383365d6a560dd0e91acfc42c094f7871940e5e2c25,43.3940005749464
cifar100_wrn40_bs4_tent_seed1,cifar100_c,tent,4,1,motion_blur,10000,52.300000000000004,c9478c680257f02ff11d2345b594116e0afc13bd9b02cdf3b8a1d20f2f8f5665,43.63757764734328
cifar100_wrn40_bs4_tent_seed1,cifar100_c,tent,4,1,zoom_blur,10000,51.22,c75ffe618d16ed63bd3aaf8b67574211a2829f0c2a26ecf393fa7e3aaa353d5e,43.362823110073805
cifar100_wrn40_bs4_tent_seed1,cifar100_c,tent,4,1,snow,10000,56.76,332b58966cf810aec2e55765bb1997acd59934ae7657e29c6625c0d718841556,42.91329225897789
cifar100_wrn40_bs4_tent_seed1,cifar100_c,tent,4,1,frost,10000,55.400000000000006,4cae8e28342fce778361d7e1c690017e61479f894c81a056da81940d8dade787,42.13841194845736
cifar100_wrn40_bs4_tent_seed1,cifar100_c,tent,4,1,fog,10000,59.82000000000001,d0b6ca150d623066c69ebcfb444fb483910ad7633f3fb505f5f387ed5d86165a,41.899119867011905
cifar100_wrn40_bs4_tent_seed1,cifar100_c,tent,4,1,brightness,10000,49.81,8ea595fc7db1ff7df0975ac4504c0bea87b3ee2621f01e23b1d728955a52c749,42.92098732665181
cifar100_wrn40_bs4_tent_seed1,cifar100_c,tent,4,1,contrast,10000,54.65,6b0a44da8207236a7a9601fb2bacdba3db1757fb187b5b99fb6aeb250e17abb7,41.87437147833407
cifar100_wrn40_bs4_tent_seed1,cifar100_c,tent,4,1,elastic_transform,10000,59.86,a1d591103bf4c2b5577df582892bf931bbdcb50aaed4f48e1c19a8ea118e2441,42.94362141005695
cifar100_wrn40_bs4_tent_seed1,cifar100_c,tent,4,1,pixelate,10000,55.309999999999995,44d7008c9a82717611c39d0af5158951a69c94a714ab7b96a5422e64ecc8926a,40.28660311922431
cifar100_wrn40_bs4_tent_seed1,cifar100_c,tent,4,1,jpeg_compression,10000,62.84,ff514a7f1785d6352ee54b03af4910f514fbd31a95e0666a986a35d6af12ce8a,39.86160143837333
cifar10_wrn28_bs128_actta_tent_seed1,cifar10_c,actta_tent,128,1,gaussian_noise,10000,22.150000000000002,d010272c99d265c296842b76c66d08f9f634928200a420fa110d358739a3fc2d,23.53801761381328
cifar10_wrn28_bs128_actta_tent_seed1,cifar10_c,actta_tent,128,1,shot_noise,10000,20.18,eefcea7031c67a1691209e198037a5e25dffc37c6dfb246374075910219ae842,21.330449605360627
cifar10_wrn28_bs128_actta_tent_seed1,cifar10_c,actta_tent,128,1,impulse_noise,10000,30.15,169e080af81904d811da4425c63e94e6531e1eddbfd26cce3e7718d53416f7bb,20.71559390053153
cifar10_wrn28_bs128_actta_tent_seed1,cifar10_c,actta_tent,128,1,defocus_blur,10000,11.309999999999999,a6c870fd68a6b9479643ed49fa3bfa0c876a8d4ca72f8ae42cf87d0e7b431084,21.15190084092319
cifar10_wrn28_bs128_actta_tent_seed1,cifar10_c,actta_tent,128,1,glass_blur,10000,31.520000000000003,5e363e68e7a8c47f587b4936a2912869c17ac40169b6ef80d56e4ab612593c69,21.142992667853832
cifar10_wrn28_bs128_actta_tent_seed1,cifar10_c,actta_tent,128,1,motion_blur,10000,12.629999999999997,95e8cb85df4f5a6555f4bc185241578c17cd9c648d71a6d393c8dac7090de8a2,20.674121394753456
cifar10_wrn28_bs128_actta_tent_seed1,cifar10_c,actta_tent,128,1,zoom_blur,10000,10.99,8b16c18727dee69c210bafc4c0c8c31de8239b62b688f322070bf82e3b83f8fa,21.133222522214055
cifar10_wrn28_bs128_actta_tent_seed1,cifar10_c,actta_tent,128,1,snow,10000,14.490000000000002,79687a6858ee4b281b5c036690d9a6bbceb945a2dfa5fade6b0ff9ef9ee0dc86,20.652113931253552
cifar10_wrn28_bs128_actta_tent_seed1,cifar10_c,actta_tent,128,1,frost,10000,15.359999999999996,313a9dd78fbf47c83b7b76b4a48c50cd2e44117fecbe3e1f1eaafb4a78674d6f,21.25811280310154
cifar10_wrn28_bs128_actta_tent_seed1,cifar10_c,actta_tent,128,1,fog,10000,12.460000000000004,e867ad92a1b62c2909bc9fde101cb32ffba7fc8b4b3d4f466afb420d5d3af028,20.77780623547733
cifar10_wrn28_bs128_actta_tent_seed1,cifar10_c,actta_tent,128,1,brightness,10000,7.920000000000005,35a89565bfa297747eec25ec96075badff73bc6aeaf1632849ef2b4f97522c10,21.34983102977276
cifar10_wrn28_bs128_actta_tent_seed1,cifar10_c,actta_tent,128,1,contrast,10000,9.640000000000004,2a3dd06ce6949a76a62e6ef7237329d46a226c09f76baa35059db329bd9c9e2f,20.749102640897036
cifar10_wrn28_bs128_actta_tent_seed1,cifar10_c,actta_tent,128,1,elastic_transform,10000,21.730000000000004,e982b828aeddd70c4d45c524225ce2a73d7e0d9539a065f80f4fd8866d8b39b2,21.278097052127123
cifar10_wrn28_bs128_actta_tent_seed1,cifar10_c,actta_tent,128,1,pixelate,10000,15.73,26f8ca592e0069ec396eabc855459b7be956f51fe88dbcf08b0414153294d437,20.695042183622718
cifar10_wrn28_bs128_actta_tent_seed1,cifar10_c,actta_tent,128,1,jpeg_compression,10000,20.58,0ba419595a4d664c1967f114c235c92a3a1e875ab382a77201866a78b1237de5,21.404330298304558
cifar10_wrn28_bs128_actta_tent_seed2,cifar10_c,actta_tent,128,2,gaussian_noise,10000,21.419999999999995,5f652d3ce63e43f0b01fc0fb55465739b0f307bcbe728baeea59898b210a34e1,27.742831336334348
cifar10_wrn28_bs128_actta_tent_seed2,cifar10_c,actta_tent,128,2,shot_noise,10000,19.540000000000003,8dd83a310b7a4fbb1e74567eaa6d8345f87f89316778c9736b21c70e63b3e232,23.613904697820544
cifar10_wrn28_bs128_actta_tent_seed2,cifar10_c,actta_tent,128,2,impulse_noise,10000,30.600000000000005,391877b4a460cf788797ffa34449b076909026af70c683786a0b4c9151fac3bf,24.39195489883423
cifar10_wrn28_bs128_actta_tent_seed2,cifar10_c,actta_tent,128,2,defocus_blur,10000,11.250000000000004,e88048ecb32611ed969bf538b3e97f0e411f581b2c2fba003d22a7d3beae65ab,23.506415190175176
cifar10_wrn28_bs128_actta_tent_seed2,cifar10_c,actta_tent,128,2,glass_blur,10000,30.15,fecef18d60b9eea1c2d602a2ec224d105fa00718b445f389d6c090daf6b706a2,23.472645796835423
cifar10_wrn28_bs128_actta_tent_seed2,cifar10_c,actta_tent,128,2,motion_blur,10000,12.819999999999999,b41e73dab466559627f464bcd0563c57e12faf8155509be8694f765e5c0fa965,23.75807025656104
cifar10_wrn28_bs128_actta_tent_seed2,cifar10_c,actta_tent,128,2,zoom_blur,10000,10.940000000000005,57302005f47d0336efd6cf3b97019c69fb4796fe57912d98db72d87c3eaef177,23.2752946857363
cifar10_wrn28_bs128_actta_tent_seed2,cifar10_c,actta_tent,128,2,snow,10000,14.3,3e070a782d5df41ff92070465210e87313ac65826b6782cfe3de3e71a99cef0b,23.494671622291207
cifar10_wrn28_bs128_actta_tent_seed2,cifar10_c,actta_tent,128,2,frost,10000,15.610000000000001,c64cfcb0051d6bdefc7da91cc79fdc59b59447358759ca5016f267671716d767,24.252429196611047
cifar10_wrn28_bs128_actta_tent_seed2,cifar10_c,actta_tent,128,2,fog,10000,12.4,0d80f2abf792706ea7afb986710e7f15f31e7c558e626d37fc55e8044f9031df,23.421179434284568
cifar10_wrn28_bs128_actta_tent_seed2,cifar10_c,actta_tent,128,2,brightness,10000,7.960000000000001,fd7bad0258569acab5f4de331a30b922f5046e5f844da6ae6f69825ba87e8646,24.564215563237667
cifar10_wrn28_bs128_actta_tent_seed2,cifar10_c,actta_tent,128,2,contrast,10000,10.209999999999997,378a4f8d21dc1a211f62ed70ec2a1220a0089c5859872f2d71ea1af400ca4fe7,23.480812158435583
cifar10_wrn28_bs128_actta_tent_seed2,cifar10_c,actta_tent,128,2,elastic_transform,10000,21.689999999999998,cf29c8d95b0d9b54d13e1b9275a73f29049bfad2c269114eb433833f0795f116,23.504812695086002
cifar10_wrn28_bs128_actta_tent_seed2,cifar10_c,actta_tent,128,2,pixelate,10000,15.52,f382fdcdb32d4596e5da5e3a58bb32a27593b24a308eca5e2b70ee26b75b2efc,24.412772610783577
cifar10_wrn28_bs128_actta_tent_seed2,cifar10_c,actta_tent,128,2,jpeg_compression,10000,20.230000000000004,c880fa3003a52d5894b33e06d916da7857d6925a96831bdc99b213b64824b700,23.31570572219789
cifar10_wrn28_bs128_actta_tent_seed3,cifar10_c,actta_tent,128,3,gaussian_noise,10000,21.250000000000004,a5f961ee041d814533823f977083448a4d2187c53eaa97a9dd247e45249bd08f,26.14322000928223
cifar10_wrn28_bs128_actta_tent_seed3,cifar10_c,actta_tent,128,3,shot_noise,10000,19.88,713977e4cf99b4d85a272d2f62c8e01928c1d4f304bf0ac8c555fef10fced58a,23.587116634473205
cifar10_wrn28_bs128_actta_tent_seed3,cifar10_c,actta_tent,128,3,impulse_noise,10000,29.890000000000004,87374bafc01303d9c3fe051e22892e174dc6ef01a9d4f80605429ece5bb538d7,24.471517756581306
cifar10_wrn28_bs128_actta_tent_seed3,cifar10_c,actta_tent,128,3,defocus_blur,10000,11.690000000000001,c6fd25aa111a47879926bd4667affacd746a3e4a0b56b19a7eca48227fd806ab,23.564586924389005
cifar10_wrn28_bs128_actta_tent_seed3,cifar10_c,actta_tent,128,3,glass_blur,10000,31.210000000000004,881b5c68e8d427ff1af72f3432e73b55e2f79d12f2dbbefbe124d980ea764ed7,23.874026408419013
cifar10_wrn28_bs128_actta_tent_seed3,cifar10_c,actta_tent,128,3,motion_blur,10000,13.490000000000002,adc92a281d4362684bc13b732049595113b130fc2633c8b3e6e3cfc1c7726314,23.72134704142809
cifar10_wrn28_bs128_actta_tent_seed3,cifar10_c,actta_tent,128,3,zoom_blur,10000,11.319999999999997,b5d8ba1677ffb5139ffb5b0ed6a44a8849c22ae7c05a56590254ce52fb52a224,23.517995942384005
cifar10_wrn28_bs128_actta_tent_seed3,cifar10_c,actta_tent,128,3,snow,10000,13.890000000000002,bf17b800c3142c800a613745859cdbc38f4b89e406e2a83ad49870fc2767885a,23.641457421705127
cifar10_wrn28_bs128_actta_tent_seed3,cifar10_c,actta_tent,128,3,frost,10000,15.03,14d1a9d117ed1216f934f1cc13cb428ed15a94f008fa6f4718300610c5524782,24.186688382178545
cifar10_wrn28_bs128_actta_tent_seed3,cifar10_c,actta_tent,128,3,fog,10000,11.750000000000005,315007203a1ccb06b7d3792afe6c2d8f11f9e77ca50ac9a5f73f305096a9d250,23.65058116056025
cifar10_wrn28_bs128_actta_tent_seed3,cifar10_c,actta_tent,128,3,brightness,10000,7.799999999999995,69aa536d63e135168d0ada39b8d6c538c432c968d9d221aa129ac769348c2815,23.667126888409257
cifar10_wrn28_bs128_actta_tent_seed3,cifar10_c,actta_tent,128,3,contrast,10000,10.219999999999995,efd978af00904a1b503e4cac2c3ce222cae5da65d1eebaaad261db3cbb8c0e41,24.12404702976346
cifar10_wrn28_bs128_actta_tent_seed3,cifar10_c,actta_tent,128,3,elastic_transform,10000,21.78,80c7e8d464162998a6dca4b5228dad9577d19d5ee6ef5f8cebceae8dbedd4d9a,23.47202492132783
cifar10_wrn28_bs128_actta_tent_seed3,cifar10_c,actta_tent,128,3,pixelate,10000,15.359999999999996,dead119170cf6b98dc0c101900d13c783d70610881daae0d628d02fb3997c503,24.319343956187367
cifar10_wrn28_bs128_actta_tent_seed3,cifar10_c,actta_tent,128,3,jpeg_compression,10000,20.409999999999997,6505475368adf4e8cfce32cf904a97722eae6db3111b6b52dd00082c44ce3ef7,24.065107621252537
cifar10_wrn28_bs128_source_seed1,cifar10_c,source,128,1,gaussian_noise,10000,72.32000000000001,d010272c99d265c296842b76c66d08f9f634928200a420fa110d358739a3fc2d,8.882024066522717
cifar10_wrn28_bs128_source_seed1,cifar10_c,source,128,1,shot_noise,10000,65.72,eefcea7031c67a1691209e198037a5e25dffc37c6dfb246374075910219ae842,7.460709786042571
cifar10_wrn28_bs128_source_seed1,cifar10_c,source,128,1,impulse_noise,10000,72.92,169e080af81904d811da4425c63e94e6531e1eddbfd26cce3e7718d53416f7bb,7.438614439219236
cifar10_wrn28_bs128_source_seed1,cifar10_c,source,128,1,defocus_blur,10000,46.95,a6c870fd68a6b9479643ed49fa3bfa0c876a8d4ca72f8ae42cf87d0e7b431084,7.465567143633962
cifar10_wrn28_bs128_source_seed1,cifar10_c,source,128,1,glass_blur,10000,54.32,5e363e68e7a8c47f587b4936a2912869c17ac40169b6ef80d56e4ab612593c69,6.9545143991708755
cifar10_wrn28_bs128_source_seed1,cifar10_c,source,128,1,motion_blur,10000,34.75,95e8cb85df4f5a6555f4bc185241578c17cd9c648d71a6d393c8dac7090de8a2,7.504343055188656
cifar10_wrn28_bs128_source_seed1,cifar10_c,source,128,1,zoom_blur,10000,42.02,8b16c18727dee69c210bafc4c0c8c31de8239b62b688f322070bf82e3b83f8fa,7.536385916173458
cifar10_wrn28_bs128_source_seed1,cifar10_c,source,128,1,snow,10000,25.09,79687a6858ee4b281b5c036690d9a6bbceb945a2dfa5fade6b0ff9ef9ee0dc86,7.498136606067419
cifar10_wrn28_bs128_source_seed1,cifar10_c,source,128,1,frost,10000,41.32,313a9dd78fbf47c83b7b76b4a48c50cd2e44117fecbe3e1f1eaafb4a78674d6f,7.564017411321402
cifar10_wrn28_bs128_source_seed1,cifar10_c,source,128,1,fog,10000,26.0,e867ad92a1b62c2909bc9fde101cb32ffba7fc8b4b3d4f466afb420d5d3af028,7.526688352227211
cifar10_wrn28_bs128_source_seed1,cifar10_c,source,128,1,brightness,10000,9.309999999999995,35a89565bfa297747eec25ec96075badff73bc6aeaf1632849ef2b4f97522c10,6.898607634007931
cifar10_wrn28_bs128_source_seed1,cifar10_c,source,128,1,contrast,10000,46.709999999999994,2a3dd06ce6949a76a62e6ef7237329d46a226c09f76baa35059db329bd9c9e2f,7.491740757599473
cifar10_wrn28_bs128_source_seed1,cifar10_c,source,128,1,elastic_transform,10000,26.580000000000005,e982b828aeddd70c4d45c524225ce2a73d7e0d9539a065f80f4fd8866d8b39b2,7.423193169757724
cifar10_wrn28_bs128_source_seed1,cifar10_c,source,128,1,pixelate,10000,58.440000000000005,26f8ca592e0069ec396eabc855459b7be956f51fe88dbcf08b0414153294d437,7.443435223773122
cifar10_wrn28_bs128_source_seed1,cifar10_c,source,128,1,jpeg_compression,10000,30.300000000000004,0ba419595a4d664c1967f114c235c92a3a1e875ab382a77201866a78b1237de5,7.445936270058155
cifar10_wrn28_bs128_tent_seed1,cifar10_c,tent,128,1,gaussian_noise,10000,25.060000000000006,d010272c99d265c296842b76c66d08f9f634928200a420fa110d358739a3fc2d,19.716664409264922
cifar10_wrn28_bs128_tent_seed1,cifar10_c,tent,128,1,shot_noise,10000,22.719999999999995,eefcea7031c67a1691209e198037a5e25dffc37c6dfb246374075910219ae842,17.329675348475575
cifar10_wrn28_bs128_tent_seed1,cifar10_c,tent,128,1,impulse_noise,10000,32.75,169e080af81904d811da4425c63e94e6531e1eddbfd26cce3e7718d53416f7bb,17.25773129798472
cifar10_wrn28_bs128_tent_seed1,cifar10_c,tent,128,1,defocus_blur,10000,11.839999999999995,a6c870fd68a6b9479643ed49fa3bfa0c876a8d4ca72f8ae42cf87d0e7b431084,16.4689619820565
cifar10_wrn28_bs128_tent_seed1,cifar10_c,tent,128,1,glass_blur,10000,31.010000000000005,5e363e68e7a8c47f587b4936a2912869c17ac40169b6ef80d56e4ab612593c69,17.14267659932375
cifar10_wrn28_bs128_tent_seed1,cifar10_c,tent,128,1,motion_blur,10000,13.52,95e8cb85df4f5a6555f4bc185241578c17cd9c648d71a6d393c8dac7090de8a2,17.172123419120908
cifar10_wrn28_bs128_tent_seed1,cifar10_c,tent,128,1,zoom_blur,10000,11.429999999999996,8b16c18727dee69c210bafc4c0c8c31de8239b62b688f322070bf82e3b83f8fa,16.39306859113276
cifar10_wrn28_bs128_tent_seed1,cifar10_c,tent,128,1,snow,10000,15.93,79687a6858ee4b281b5c036690d9a6bbceb945a2dfa5fade6b0ff9ef9ee0dc86,16.91888465359807
cifar10_wrn28_bs128_tent_seed1,cifar10_c,tent,128,1,frost,10000,16.410000000000004,313a9dd78fbf47c83b7b76b4a48c50cd2e44117fecbe3e1f1eaafb4a78674d6f,16.435145992785692
cifar10_wrn28_bs128_tent_seed1,cifar10_c,tent,128,1,fog,10000,13.839999999999996,e867ad92a1b62c2909bc9fde101cb32ffba7fc8b4b3d4f466afb420d5d3af028,17.08569328300655
cifar10_wrn28_bs128_tent_seed1,cifar10_c,tent,128,1,brightness,10000,7.930000000000003,35a89565bfa297747eec25ec96075badff73bc6aeaf1632849ef2b4f97522c10,17.166660925373435
cifar10_wrn28_bs128_tent_seed1,cifar10_c,tent,128,1,contrast,10000,11.38,2a3dd06ce6949a76a62e6ef7237329d46a226c09f76baa35059db329bd9c9e2f,16.359506437554955
cifar10_wrn28_bs128_tent_seed1,cifar10_c,tent,128,1,elastic_transform,10000,22.150000000000002,e982b828aeddd70c4d45c524225ce2a73d7e0d9539a065f80f4fd8866d8b39b2,17.25067150592804
cifar10_wrn28_bs128_tent_seed1,cifar10_c,tent,128,1,pixelate,10000,18.000000000000004,26f8ca592e0069ec396eabc855459b7be956f51fe88dbcf08b0414153294d437,17.067029364407063
cifar10_wrn28_bs128_tent_seed1,cifar10_c,tent,128,1,jpeg_compression,10000,24.28,0ba419595a4d664c1967f114c235c92a3a1e875ab382a77201866a78b1237de5,16.30499779805541
cifar10_wrn28_bs128_tent_seed2,cifar10_c,tent,128,2,gaussian_noise,10000,24.72,5f652d3ce63e43f0b01fc0fb55465739b0f307bcbe728baeea59898b210a34e1,19.388258896768093
cifar10_wrn28_bs128_tent_seed2,cifar10_c,tent,128,2,shot_noise,10000,22.08,8dd83a310b7a4fbb1e74567eaa6d8345f87f89316778c9736b21c70e63b3e232,17.123089550063014
cifar10_wrn28_bs128_tent_seed2,cifar10_c,tent,128,2,impulse_noise,10000,32.47,391877b4a460cf788797ffa34449b076909026af70c683786a0b4c9151fac3bf,16.420247942209244
cifar10_wrn28_bs128_tent_seed2,cifar10_c,tent,128,2,defocus_blur,10000,12.209999999999999,e88048ecb32611ed969bf538b3e97f0e411f581b2c2fba003d22a7d3beae65ab,17.023053331300616
cifar10_wrn28_bs128_tent_seed2,cifar10_c,tent,128,2,glass_blur,10000,30.930000000000003,fecef18d60b9eea1c2d602a2ec224d105fa00718b445f389d6c090daf6b706a2,17.124282555654645
cifar10_wrn28_bs128_tent_seed2,cifar10_c,tent,128,2,motion_blur,10000,13.419999999999998,b41e73dab466559627f464bcd0563c57e12faf8155509be8694f765e5c0fa965,16.310325713828206
cifar10_wrn28_bs128_tent_seed2,cifar10_c,tent,128,2,zoom_blur,10000,11.109999999999998,57302005f47d0336efd6cf3b97019c69fb4796fe57912d98db72d87c3eaef177,16.98416971974075
cifar10_wrn28_bs128_tent_seed2,cifar10_c,tent,128,2,snow,10000,15.590000000000003,3e070a782d5df41ff92070465210e87313ac65826b6782cfe3de3e71a99cef0b,16.36847274750471
cifar10_wrn28_bs128_tent_seed2,cifar10_c,tent,128,2,frost,10000,15.849999999999998,c64cfcb0051d6bdefc7da91cc79fdc59b59447358759ca5016f267671716d767,17.114897333085537
cifar10_wrn28_bs128_tent_seed2,cifar10_c,tent,128,2,fog,10000,13.419999999999998,0d80f2abf792706ea7afb986710e7f15f31e7c558e626d37fc55e8044f9031df,16.984607426449656
cifar10_wrn28_bs128_tent_seed2,cifar10_c,tent,128,2,brightness,10000,8.240000000000002,fd7bad0258569acab5f4de331a30b922f5046e5f844da6ae6f69825ba87e8646,16.126108210533857
cifar10_wrn28_bs128_tent_seed2,cifar10_c,tent,128,2,contrast,10000,11.570000000000002,378a4f8d21dc1a211f62ed70ec2a1220a0089c5859872f2d71ea1af400ca4fe7,16.960472950711846
cifar10_wrn28_bs128_tent_seed2,cifar10_c,tent,128,2,elastic_transform,10000,22.27,cf29c8d95b0d9b54d13e1b9275a73f29049bfad2c269114eb433833f0795f116,16.09302330389619
cifar10_wrn28_bs128_tent_seed2,cifar10_c,tent,128,2,pixelate,10000,17.300000000000004,f382fdcdb32d4596e5da5e3a58bb32a27593b24a308eca5e2b70ee26b75b2efc,16.88869812898338
cifar10_wrn28_bs128_tent_seed2,cifar10_c,tent,128,2,jpeg_compression,10000,24.019999999999996,c880fa3003a52d5894b33e06d916da7857d6925a96831bdc99b213b64824b700,16.78086541965604
cifar10_wrn28_bs128_tent_seed3,cifar10_c,tent,128,3,gaussian_noise,10000,24.19,a5f961ee041d814533823f977083448a4d2187c53eaa97a9dd247e45249bd08f,18.965143337845802
cifar10_wrn28_bs128_tent_seed3,cifar10_c,tent,128,3,shot_noise,10000,22.48,713977e4cf99b4d85a272d2f62c8e01928c1d4f304bf0ac8c555fef10fced58a,16.798253145068884
cifar10_wrn28_bs128_tent_seed3,cifar10_c,tent,128,3,impulse_noise,10000,32.32000000000001,87374bafc01303d9c3fe051e22892e174dc6ef01a9d4f80605429ece5bb538d7,16.681357549503446
cifar10_wrn28_bs128_tent_seed3,cifar10_c,tent,128,3,defocus_blur,10000,12.350000000000005,c6fd25aa111a47879926bd4667affacd746a3e4a0b56b19a7eca48227fd806ab,16.00455193594098
cifar10_wrn28_bs128_tent_seed3,cifar10_c,tent,128,3,glass_blur,10000,31.58,881b5c68e8d427ff1af72f3432e73b55e2f79d12f2dbbefbe124d980ea764ed7,16.774383751675487
cifar10_wrn28_bs128_tent_seed3,cifar10_c,tent,128,3,motion_blur,10000,13.5,adc92a281d4362684bc13b732049595113b130fc2633c8b3e6e3cfc1c7726314,15.756100179627538
cifar10_wrn28_bs128_tent_seed3,cifar10_c,tent,128,3,zoom_blur,10000,11.209999999999997,b5d8ba1677ffb5139ffb5b0ed6a44a8849c22ae7c05a56590254ce52fb52a224,16.794508071616292
cifar10_wrn28_bs128_tent_seed3,cifar10_c,tent,128,3,snow,10000,15.21,bf17b800c3142c800a613745859cdbc38f4b89e406e2a83ad49870fc2767885a,15.810006784275174
cifar10_wrn28_bs128_tent_seed3,cifar10_c,tent,128,3,frost,10000,16.049999999999997,14d1a9d117ed1216f934f1cc13cb428ed15a94f008fa6f4718300610c5524782,16.09029837884009
cifar10_wrn28_bs128_tent_seed3,cifar10_c,tent,128,3,fog,10000,13.529999999999998,315007203a1ccb06b7d3792afe6c2d8f11f9e77ca50ac9a5f73f305096a9d250,15.906032109633088
cifar10_wrn28_bs128_tent_seed3,cifar10_c,tent,128,3,brightness,10000,8.130000000000004,69aa536d63e135168d0ada39b8d6c538c432c968d9d221aa129ac769348c2815,16.615314533933997
cifar10_wrn28_bs128_tent_seed3,cifar10_c,tent,128,3,contrast,10000,11.280000000000001,efd978af00904a1b503e4cac2c3ce222cae5da65d1eebaaad261db3cbb8c0e41,16.63917731307447
cifar10_wrn28_bs128_tent_seed3,cifar10_c,tent,128,3,elastic_transform,10000,22.38,80c7e8d464162998a6dca4b5228dad9577d19d5ee6ef5f8cebceae8dbedd4d9a,16.053262470290065
cifar10_wrn28_bs128_tent_seed3,cifar10_c,tent,128,3,pixelate,10000,17.669999999999998,dead119170cf6b98dc0c101900d13c783d70610881daae0d628d02fb3997c503,16.51923213340342
cifar10_wrn28_bs128_tent_seed3,cifar10_c,tent,128,3,jpeg_compression,10000,23.909999999999997,6505475368adf4e8cfce32cf904a97722eae6db3111b6b52dd00082c44ce3ef7,16.025995831936598
