dataset,architecture,batch_size,seed,corruption,tent_error_percent,actta_error_percent,improvement_percentage_points
cifar100_c,Hendrycks2020AugMix_WRN,128,1,gaussian_noise,40.39,38.78,1.6099999999999994
cifar100_c,Hendrycks2020AugMix_WRN,128,1,shot_noise,39.42,37.739999999999995,1.6800000000000068
cifar100_c,Hendrycks2020AugMix_WRN,128,1,impulse_noise,41.36,37.35000000000001,4.009999999999991
cifar100_c,Hendrycks2020AugMix_WRN,128,1,defocus_blur,29.369999999999997,29.24,0.129999999999999
cifar100_c,Hendrycks2020AugMix_WRN,128,1,glass_blur,42.13,41.23,0.9000000000000057
cifar100_c,Hendrycks2020AugMix_WRN,128,1,motion_blur,30.53,29.990000000000006,0.5399999999999956
cifar100_c,Hendrycks2020AugMix_WRN,128,1,zoom_blur,29.86,29.379999999999995,0.480000000000004
cifar100_c,Hendrycks2020AugMix_WRN,128,1,snow,34.88,33.24,1.6400000000000006
cifar100_c,Hendrycks2020AugMix_WRN,128,1,frost,34.63,34.28,0.3500000000000014
cifar100_c,Hendrycks2020AugMix_WRN,128,1,fog,38.29,35.209999999999994,3.0800000000000054
cifar100_c,Hendrycks2020AugMix_WRN,128,1,brightness,27.490000000000002,26.990000000000002,0.5
cifar100_c,Hendrycks2020AugMix_WRN,128,1,contrast,32.85,30.269999999999996,2.5800000000000054
cifar100_c,Hendrycks2020AugMix_WRN,128,1,elastic_transform,37.53999999999999,36.660000000000004,0.8799999999999883
cifar100_c,Hendrycks2020AugMix_WRN,128,1,pixelate,32.410000000000004,30.75,1.6600000000000037
cifar100_c,Hendrycks2020AugMix_WRN,128,1,jpeg_compression,40.400000000000006,38.580000000000005,1.8200000000000003
cifar100_c,Hendrycks2020AugMix_WRN,4,1,gaussian_noise,61.660000000000004,58.35,3.3100000000000023
cifar100_c,Hendrycks2020AugMix_WRN,4,1,shot_noise,59.870000000000005,56.54,3.3300000000000054
cifar100_c,Hendrycks2020AugMix_WRN,4,1,impulse_noise,62.169999999999995,58.489999999999995,3.6799999999999997
cifar100_c,Hendrycks2020AugMix_WRN,4,1,defocus_blur,51.370000000000005,49.660000000000004,1.7100000000000009
cifar100_c,Hendrycks2020AugMix_WRN,4,1,glass_blur,64.21,62.6,1.6099999999999923
cifar100_c,Hendrycks2020AugMix_WRN,4,1,motion_blur,52.300000000000004,50.72,1.5800000000000054
cifar100_c,Hendrycks2020AugMix_WRN,4,1,zoom_blur,51.22,50.540000000000006,0.6799999999999926
cifar100_c,Hendrycks2020AugMix_WRN,4,1,snow,56.76,54.50999999999999,2.250000000000007
cifar100_c,Hendrycks2020AugMix_WRN,4,1,frost,55.400000000000006,54.08,1.3200000000000074
cifar100_c,Hendrycks2020AugMix_WRN,4,1,fog,59.82000000000001,56.2,3.6200000000000045
cifar100_c,Hendrycks2020AugMix_WRN,4,1,brightness,49.81,48.31999999999999,1.490000000000009
cifar100_c,Hendrycks2020AugMix_WRN,4,1,contrast,54.65,52.239999999999995,2.4100000000000037
cifar100_c,Hendrycks2020AugMix_WRN,4,1,elastic_transform,59.86,58.3,1.5600000000000023
cifar100_c,Hendrycks2020AugMix_WRN,4,1,pixelate,55.309999999999995,52.339999999999996,2.969999999999999
cifar100_c,Hendrycks2020AugMix_WRN,4,1,jpeg_compression,62.84,60.12,2.720000000000006
cifar10_c,Standard,128,1,gaussian_noise,25.060000000000006,22.150000000000002,2.9100000000000037
cifar10_c,Standard,128,1,shot_noise,22.719999999999995,20.18,2.5399999999999956
cifar10_c,Standard,128,1,impulse_noise,32.75,30.15,2.6000000000000014
cifar10_c,Standard,128,1,defocus_blur,11.839999999999995,11.309999999999999,0.5299999999999958
cifar10_c,Standard,128,1,glass_blur,31.010000000000005,31.520000000000003,-0.509999999999998
cifar10_c,Standard,128,1,motion_blur,13.52,12.629999999999997,0.8900000000000023
cifar10_c,Standard,128,1,zoom_blur,11.429999999999996,10.99,0.43999999999999595
cifar10_c,Standard,128,1,snow,15.93,14.490000000000002,1.4399999999999977
cifar10_c,Standard,128,1,frost,16.410000000000004,15.359999999999996,1.0500000000000078
cifar10_c,Standard,128,1,fog,13.839999999999996,12.460000000000004,1.379999999999992
cifar10_c,Standard,128,1,brightness,7.930000000000003,7.920000000000005,0.00999999999999801
cifar10_c,Standard,128,1,contrast,11.38,9.640000000000004,1.7399999999999967
cifar10_c,Standard,128,1,elastic_transform,22.150000000000002,21.730000000000004,0.41999999999999815
cifar10_c,Standard,128,1,pixelate,18.000000000000004,15.73,2.270000000000003
cifar10_c,Standard,128,1,jpeg_compression,24.28,20.58,3.700000000000003
cifar10_c,Standard,128,2,gaussian_noise,24.72,21.419999999999995,3.3000000000000043
cifar10_c,Standard,128,2,shot_noise,22.08,19.540000000000003,2.5399999999999956
cifar10_c,Standard,128,2,impulse_noise,32.47,30.600000000000005,1.869999999999994
cifar10_c,Standard,128,2,defocus_blur,12.209999999999999,11.250000000000004,0.9599999999999955
cifar10_c,Standard,128,2,glass_blur,30.930000000000003,30.15,0.7800000000000047
cifar10_c,Standard,128,2,motion_blur,13.419999999999998,12.819999999999999,0.5999999999999996
cifar10_c,Standard,128,2,zoom_blur,11.109999999999998,10.940000000000005,0.16999999999999282
cifar10_c,Standard,128,2,snow,15.590000000000003,14.3,1.2900000000000027
cifar10_c,Standard,128,2,frost,15.849999999999998,15.610000000000001,0.23999999999999666
cifar10_c,Standard,128,2,fog,13.419999999999998,12.4,1.0199999999999978
cifar10_c,Standard,128,2,brightness,8.240000000000002,7.960000000000001,0.28000000000000114
cifar10_c,Standard,128,2,contrast,11.570000000000002,10.209999999999997,1.3600000000000048
cifar10_c,Standard,128,2,elastic_transform,22.27,21.689999999999998,0.5800000000000018
cifar10_c,Standard,128,2,pixelate,17.300000000000004,15.52,1.7800000000000047
cifar10_c,Standard,128,2,jpeg_compression,24.019999999999996,20.230000000000004,3.789999999999992
cifar10_c,Standard,128,3,gaussian_noise,24.19,21.250000000000004,2.9399999999999977
cifar10_c,Standard,128,3,shot_noise,22.48,19.88,2.6000000000000014
cifar10_c,Standard,128,3,impulse_noise,32.32000000000001,29.890000000000004,2.4300000000000033
cifar10_c,Standard,128,3,defocus_blur,12.350000000000005,11.690000000000001,0.6600000000000037
cifar10_c,Standard,128,3,glass_blur,31.58,31.210000000000004,0.3699999999999939
cifar10_c,Standard,128,3,motion_blur,13.5,13.490000000000002,0.00999999999999801
cifar10_c,Standard,128,3,zoom_blur,11.209999999999997,11.319999999999997,-0.10999999999999943
cifar10_c,Standard,128,3,snow,15.21,13.890000000000002,1.3199999999999985
cifar10_c,Standard,128,3,frost,16.049999999999997,15.03,1.0199999999999978
cifar10_c,Standard,128,3,fog,13.529999999999998,11.750000000000005,1.7799999999999923
cifar10_c,Standard,128,3,brightness,8.130000000000004,7.799999999999995,0.33000000000000895
cifar10_c,Standard,128,3,contrast,11.280000000000001,10.219999999999995,1.0600000000000058
cifar10_c,Standard,128,3,elastic_transform,22.38,21.78,0.5999999999999979
cifar10_c,Standard,128,3,pixelate,17.669999999999998,15.359999999999996,2.3100000000000023
cifar10_c,Standard,128,3,jpeg_compression,23.909999999999997,20.409999999999997,3.5
