paper_table,dataset,backbone,method,batch_size,severity,error_percent,std_percent_reported,source,local_reproduction_verified
S4.T5,cifar10_c,WRN28,Source,128,5,43.52,,paper_reported,False
S4.T5,cifar10_c,ResNeXt,Source,128,5,17.98,,paper_reported,False
S4.T5,cifar100_c,WRN40,Source,128,5,46.75,,paper_reported,False
S4.T5,cifar100_c,ResNeXt,Source,128,5,46.45,,paper_reported,False
S4.T5,imagenet_c,ResNet50_BN,Source,128,5,82.03,,paper_reported,False
S4.T5,imagenet_c,ResNet50_GN,Source,128,5,69.52,,paper_reported,False
S4.T5,imagenet_c,ViT_B16,Source,128,5,62.1,,paper_reported,False
S4.T5,cifar10_c,WRN28,BN,128,5,20.61,,paper_reported,False
S4.T5,cifar10_c,ResNeXt,BN,128,5,13.31,,paper_reported,False
S4.T5,cifar100_c,WRN40,BN,128,5,39.51,,paper_reported,False
S4.T5,cifar100_c,ResNeXt,BN,128,5,35.61,,paper_reported,False
S4.T5,imagenet_c,ResNet50_BN,BN,128,5,68.1,,paper_reported,False
S4.T5,imagenet_c,ResNet50_GN,BN,128,5,69.52,,paper_reported,False
S4.T5,imagenet_c,ViT_B16,BN,128,5,62.1,,paper_reported,False
S4.T5,cifar10_c,WRN28,TENT,128,5,18.51,0.01,paper_reported,False
S4.T5,cifar10_c,ResNeXt,TENT,128,5,10.28,0.01,paper_reported,False
S4.T5,cifar100_c,WRN40,TENT,128,5,35.25,0.01,paper_reported,False
S4.T5,cifar100_c,ResNeXt,TENT,128,5,31.25,0.05,paper_reported,False
S4.T5,imagenet_c,ResNet50_BN,TENT,128,5,66.5,0.05,paper_reported,False
S4.T5,imagenet_c,ResNet50_GN,TENT,128,5,69.6,0.13,paper_reported,False
S4.T5,imagenet_c,ViT_B16,TENT,128,5,53.85,0.18,paper_reported,False
S4.T5,cifar10_c,WRN28,AcTTA_TENT,128,5,17.03,0.05,paper_reported,False
S4.T5,cifar10_c,ResNeXt,AcTTA_TENT,128,5,9.53,0.03,paper_reported,False
S4.T5,cifar100_c,WRN40,AcTTA_TENT,128,5,33.81,0.09,paper_reported,False
S4.T5,cifar100_c,ResNeXt,AcTTA_TENT,128,5,30.54,0.01,paper_reported,False
S4.T5,imagenet_c,ResNet50_BN,AcTTA_TENT,128,5,64.95,0.02,paper_reported,False
S4.T5,imagenet_c,ResNet50_GN,AcTTA_TENT,128,5,66.84,0.02,paper_reported,False
S4.T5,imagenet_c,ViT_B16,AcTTA_TENT,128,5,51.79,0.02,paper_reported,False
S4.T5,cifar10_c,WRN28,ETA,128,5,18.07,0.38,paper_reported,False
S4.T5,cifar10_c,ResNeXt,ETA,128,5,9.74,0.05,paper_reported,False
S4.T5,cifar100_c,WRN40,ETA,128,5,36.33,0.01,paper_reported,False
S4.T5,cifar100_c,ResNeXt,ETA,128,5,31.07,0.02,paper_reported,False
S4.T5,imagenet_c,ResNet50_BN,ETA,128,5,62.84,0.02,paper_reported,False
S4.T5,imagenet_c,ResNet50_GN,ETA,128,5,68.34,0.03,paper_reported,False
S4.T5,imagenet_c,ViT_B16,ETA,128,5,49.84,0.49,paper_reported,False
S4.T5,cifar10_c,WRN28,AcTTA_ETA,128,5,16.74,0.23,paper_reported,False
S4.T5,cifar10_c,ResNeXt,AcTTA_ETA,128,5,9.46,0.03,paper_reported,False
S4.T5,cifar100_c,WRN40,AcTTA_ETA,128,5,34.9,0.28,paper_reported,False
S4.T5,cifar100_c,ResNeXt,AcTTA_ETA,128,5,31.0,0.1,paper_reported,False
S4.T5,imagenet_c,ResNet50_BN,AcTTA_ETA,128,5,61.74,0.02,paper_reported,False
S4.T5,imagenet_c,ResNet50_GN,AcTTA_ETA,128,5,61.37,0.05,paper_reported,False
S4.T5,imagenet_c,ViT_B16,AcTTA_ETA,128,5,48.9,0.3,paper_reported,False
S4.T5,cifar10_c,WRN28,SAR,128,5,20.55,0.06,paper_reported,False
S4.T5,cifar10_c,ResNeXt,SAR,128,5,12.97,0.0,paper_reported,False
S4.T5,cifar100_c,WRN40,SAR,128,5,37.13,0.04,paper_reported,False
S4.T5,cifar100_c,ResNeXt,SAR,128,5,33.03,0.02,paper_reported,False
S4.T5,imagenet_c,ResNet50_BN,SAR,128,5,66.24,0.04,paper_reported,False
S4.T5,imagenet_c,ResNet50_GN,SAR,128,5,69.37,0.07,paper_reported,False
S4.T5,imagenet_c,ViT_B16,SAR,128,5,53.9,0.09,paper_reported,False
S4.T5,cifar10_c,WRN28,AcTTA_SAR,128,5,20.54,0.01,paper_reported,False
S4.T5,cifar10_c,ResNeXt,AcTTA_SAR,128,5,12.95,0.01,paper_reported,False
S4.T5,cifar100_c,WRN40,AcTTA_SAR,128,5,35.9,0.11,paper_reported,False
S4.T5,cifar100_c,ResNeXt,AcTTA_SAR,128,5,32.38,0.02,paper_reported,False
S4.T5,imagenet_c,ResNet50_BN,AcTTA_SAR,128,5,64.43,0.02,paper_reported,False
S4.T5,imagenet_c,ResNet50_GN,AcTTA_SAR,128,5,66.62,0.02,paper_reported,False
S4.T5,imagenet_c,ViT_B16,AcTTA_SAR,128,5,54.17,0.19,paper_reported,False
S4.T5,cifar10_c,WRN28,ROID,128,5,17.52,0.06,paper_reported,False
S4.T5,cifar10_c,ResNeXt,ROID,128,5,9.62,0.05,paper_reported,False
S4.T5,cifar100_c,WRN40,ROID,128,5,35.38,0.06,paper_reported,False
S4.T5,cifar100_c,ResNeXt,ROID,128,5,30.12,0.13,paper_reported,False
S4.T5,imagenet_c,ResNet50_BN,ROID,128,5,59.17,0.09,paper_reported,False
S4.T5,imagenet_c,ResNet50_GN,ROID,128,5,64.39,0.05,paper_reported,False
S4.T5,imagenet_c,ViT_B16,ROID,128,5,52.91,0.11,paper_reported,False
S4.T5,cifar10_c,WRN28,AcTTA_ROID,128,5,16.43,0.08,paper_reported,False
S4.T5,cifar10_c,ResNeXt,AcTTA_ROID,128,5,9.43,0.01,paper_reported,False
S4.T5,cifar100_c,WRN40,AcTTA_ROID,128,5,33.59,0.01,paper_reported,False
S4.T5,cifar100_c,ResNeXt,AcTTA_ROID,128,5,29.49,0.26,paper_reported,False
S4.T5,imagenet_c,ResNet50_BN,AcTTA_ROID,128,5,59.74,0.08,paper_reported,False
S4.T5,imagenet_c,ResNet50_GN,AcTTA_ROID,128,5,55.87,0.02,paper_reported,False
S4.T5,imagenet_c,ViT_B16,AcTTA_ROID,128,5,49.89,0.26,paper_reported,False
S4.T5,cifar10_c,WRN28,CMF,128,5,17.36,0.08,paper_reported,False
S4.T5,cifar10_c,ResNeXt,CMF,128,5,9.67,0.05,paper_reported,False
S4.T5,cifar100_c,WRN40,CMF,128,5,35.27,0.07,paper_reported,False
S4.T5,cifar100_c,ResNeXt,CMF,128,5,30.05,0.1,paper_reported,False
S4.T5,imagenet_c,ResNet50_BN,CMF,128,5,59.06,0.05,paper_reported,False
S4.T5,imagenet_c,ResNet50_GN,CMF,128,5,64.3,0.09,paper_reported,False
S4.T5,imagenet_c,ViT_B16,CMF,128,5,50.85,0.49,paper_reported,False
S4.T5,cifar10_c,WRN28,AcTTA_CMF,128,5,16.39,0.44,paper_reported,False
S4.T5,cifar10_c,ResNeXt,AcTTA_CMF,128,5,9.41,0.01,paper_reported,False
S4.T5,cifar100_c,WRN40,AcTTA_CMF,128,5,33.57,0.12,paper_reported,False
S4.T5,cifar100_c,ResNeXt,AcTTA_CMF,128,5,29.62,0.2,paper_reported,False
S4.T5,imagenet_c,ResNet50_BN,AcTTA_CMF,128,5,59.95,0.02,paper_reported,False
S4.T5,imagenet_c,ResNet50_GN,AcTTA_CMF,128,5,55.46,0.31,paper_reported,False
S4.T5,imagenet_c,ViT_B16,AcTTA_CMF,128,5,50.44,0.02,paper_reported,False
S4.T5,cifar10_c,WRN28,DeYO,128,5,18.31,0.07,paper_reported,False
S4.T5,cifar10_c,ResNeXt,DeYO,128,5,9.73,0.08,paper_reported,False
S4.T5,cifar100_c,WRN40,DeYO,128,5,35.17,0.04,paper_reported,False
S4.T5,cifar100_c,ResNeXt,DeYO,128,5,30.28,0.14,paper_reported,False
S4.T5,imagenet_c,ResNet50_BN,DeYO,128,5,62.34,0.05,paper_reported,False
S4.T5,imagenet_c,ResNet50_GN,DeYO,128,5,69.02,0.13,paper_reported,False
S4.T5,imagenet_c,ViT_B16,DeYO,128,5,47.73,0.3,paper_reported,False
S4.T5,cifar10_c,WRN28,AcTTA_DeYO,128,5,17.11,0.09,paper_reported,False
S4.T5,cifar10_c,ResNeXt,AcTTA_DeYO,128,5,9.56,0.01,paper_reported,False
S4.T5,cifar100_c,WRN40,AcTTA_DeYO,128,5,33.55,0.53,paper_reported,False
S4.T5,cifar100_c,ResNeXt,AcTTA_DeYO,128,5,30.04,0.72,paper_reported,False
S4.T5,imagenet_c,ResNet50_BN,AcTTA_DeYO,128,5,61.79,0.04,paper_reported,False
S4.T5,imagenet_c,ResNet50_GN,AcTTA_DeYO,128,5,63.36,0.24,paper_reported,False
S4.T5,imagenet_c,ViT_B16,AcTTA_DeYO,128,5,49.64,0.19,paper_reported,False
S4.T6,cifar10_c,WRN28,Source,4,5,43.52,,paper_reported,False
S4.T6,cifar100_c,WRN40,Source,4,5,46.75,,paper_reported,False
S4.T6,imagenet_c,ViT_B16,Source,4,5,62.1,,paper_reported,False
S4.T6,cifar10_c,WRN28,TENT,4,5,30.36,,paper_reported,False
S4.T6,cifar100_c,WRN40,TENT,4,5,57.35,,paper_reported,False
S4.T6,imagenet_c,ViT_B16,TENT,4,5,89.92,,paper_reported,False
S4.T6,cifar10_c,WRN28,AcTTA_TENT,4,5,29.56,,paper_reported,False
S4.T6,cifar100_c,WRN40,AcTTA_TENT,4,5,55.03,,paper_reported,False
S4.T6,imagenet_c,ViT_B16,AcTTA_TENT,4,5,62.07,,paper_reported,False
S4.T6,cifar10_c,WRN28,ETA,4,5,30.09,,paper_reported,False
S4.T6,cifar100_c,WRN40,ETA,4,5,57.49,,paper_reported,False
S4.T6,imagenet_c,ViT_B16,ETA,4,5,98.37,,paper_reported,False
S4.T6,cifar10_c,WRN28,AcTTA_ETA,4,5,29.11,,paper_reported,False
S4.T6,cifar100_c,WRN40,AcTTA_ETA,4,5,57.04,,paper_reported,False
S4.T6,imagenet_c,ViT_B16,AcTTA_ETA,4,5,72.7,,paper_reported,False
S4.T6,cifar10_c,WRN28,SAR,4,5,31.49,,paper_reported,False
S4.T6,cifar100_c,WRN40,SAR,4,5,57.2,,paper_reported,False
S4.T6,imagenet_c,ViT_B16,SAR,4,5,71.81,,paper_reported,False
S4.T6,cifar10_c,WRN28,AcTTA_SAR,4,5,31.03,,paper_reported,False
S4.T6,cifar100_c,WRN40,AcTTA_SAR,4,5,56.93,,paper_reported,False
S4.T6,imagenet_c,ViT_B16,AcTTA_SAR,4,5,82.11,,paper_reported,False
S4.T6,cifar10_c,WRN28,ROID,4,5,30.87,,paper_reported,False
S4.T6,cifar100_c,WRN40,ROID,4,5,58.75,,paper_reported,False
S4.T6,imagenet_c,ViT_B16,ROID,4,5,99.8,,paper_reported,False
S4.T6,cifar10_c,WRN28,AcTTA_ROID,4,5,29.62,,paper_reported,False
S4.T6,cifar100_c,WRN40,AcTTA_ROID,4,5,56.38,,paper_reported,False
S4.T6,imagenet_c,ViT_B16,AcTTA_ROID,4,5,86.37,,paper_reported,False
S4.T6,cifar10_c,WRN28,CMF,4,5,30.19,,paper_reported,False
S4.T6,cifar100_c,WRN40,CMF,4,5,58.27,,paper_reported,False
S4.T6,imagenet_c,ViT_B16,CMF,4,5,99.79,,paper_reported,False
S4.T6,cifar10_c,WRN28,AcTTA_CMF,4,5,28.64,,paper_reported,False
S4.T6,cifar100_c,WRN40,AcTTA_CMF,4,5,55.72,,paper_reported,False
S4.T6,imagenet_c,ViT_B16,AcTTA_CMF,4,5,87.08,,paper_reported,False
S4.T6,cifar10_c,WRN28,DeYO,4,5,30.23,,paper_reported,False
S4.T6,cifar100_c,WRN40,DeYO,4,5,56.89,,paper_reported,False
S4.T6,imagenet_c,ViT_B16,DeYO,4,5,99.45,,paper_reported,False
S4.T6,cifar10_c,WRN28,AcTTA_DeYO,4,5,29.25,,paper_reported,False
S4.T6,cifar100_c,WRN40,AcTTA_DeYO,4,5,55.14,,paper_reported,False
S4.T6,imagenet_c,ViT_B16,AcTTA_DeYO,4,5,79.49,,paper_reported,False
